scenario_id,flow,previous_audit_status,current_verified_status,closure_status,source_evidence,test_evidence,postgres_evidence,browser_evidence,remaining_gap,finding_id,notes
"A-001","DISCOVERY","FEATURE_GATED","VERIFIED_SOURCE","CLOSED_MAIN","apps/api/src/games/game-read-routes.ts; packages/database/src/game-repository.ts","game-read-routes.test.ts; game-repository.test.ts","NOT_APPLICABLE_OR_NOT_RUN","PARTIAL_REAL_BROWSER_EVIDENCE; full two-user waitlist browser gap remains","Exact-head CI pending; browser create-cancel and two-tab recovery frozen","","Anonymous public list"
"A-002","DISCOVERY","FEATURE_GATED","VERIFIED_SOURCE","CLOSED_MAIN","apps/api/src/games/game-read-routes.ts; packages/database/src/game-repository.ts","game-read-routes.test.ts; game-repository.test.ts","NOT_APPLICABLE_OR_NOT_RUN","PARTIAL_REAL_BROWSER_EVIDENCE; full two-user waitlist browser gap remains","Exact-head CI pending; browser create-cancel and two-tab recovery frozen","","Authenticated upcoming list"
"A-003","DISCOVERY","FEATURE_GATED","VERIFIED_SOURCE","CLOSED_MAIN","apps/api/src/games/game-read-routes.ts; packages/database/src/game-repository.ts","game-read-routes.test.ts; game-repository.test.ts","NOT_APPLICABLE_OR_NOT_RUN","PARTIAL_REAL_BROWSER_EVIDENCE; full two-user waitlist browser gap remains","Exact-head CI pending; browser create-cancel and two-tab recovery frozen","","Authenticated history list"
"A-004","DISCOVERY","FEATURE_GATED","VERIFIED_SOURCE","CLOSED_MAIN","apps/api/src/games/game-read-routes.ts; packages/database/src/game-repository.ts","game-read-routes.test.ts; game-repository.test.ts","NOT_APPLICABLE_OR_NOT_RUN","PARTIAL_REAL_BROWSER_EVIDENCE; full two-user waitlist browser gap remains","Exact-head CI pending; browser create-cancel and two-tab recovery frozen","","Public game detail"
"A-005","DISCOVERY","FEATURE_GATED","VERIFIED_SOURCE","CLOSED_MAIN","apps/api/src/games/game-read-routes.ts; packages/database/src/game-repository.ts","game-read-routes.test.ts; game-repository.test.ts","NOT_APPLICABLE_OR_NOT_RUN","PARTIAL_REAL_BROWSER_EVIDENCE; full two-user waitlist browser gap remains","Exact-head CI pending; browser create-cancel and two-tab recovery frozen","","Authenticated game detail"
"A-006","DISCOVERY","MAIN_IMPLEMENTED","VERIFIED_SOURCE","CLOSED_MAIN","apps/api/src/games/game-read-routes.ts; packages/database/src/game-repository.ts","game-read-routes.test.ts; game-repository.test.ts","NOT_APPLICABLE_OR_NOT_RUN","PARTIAL_REAL_BROWSER_EVIDENCE; full two-user waitlist browser gap remains","Exact-head CI pending; browser create-cancel and two-tab recovery frozen","","Wrong tenant key"
"A-007","DISCOVERY","UNKNOWN","VERIFIED_SOURCE","CLOSED_MAIN","apps/api/src/games/game-read-routes.ts; packages/database/src/game-repository.ts","game-read-routes.test.ts; game-repository.test.ts","NOT_APPLICABLE_OR_NOT_RUN","PARTIAL_REAL_BROWSER_EVIDENCE; full two-user waitlist browser gap remains","Exact-head CI pending; browser create-cancel and two-tab recovery frozen","","Missing games.play on user read"
"A-008","DISCOVERY","MAIN_IMPLEMENTED","VERIFIED_SOURCE","CLOSED_MAIN","apps/api/src/games/game-read-routes.ts; packages/database/src/game-repository.ts","game-read-routes.test.ts; game-repository.test.ts","NOT_APPLICABLE_OR_NOT_RUN","PARTIAL_REAL_BROWSER_EVIDENCE; full two-user waitlist browser gap remains","Exact-head CI pending; browser create-cancel and two-tab recovery frozen","","Cross-tenant game id"
"A-009","DISCOVERY","MAIN_IMPLEMENTED","VERIFIED_SOURCE","CLOSED_MAIN","apps/api/src/games/game-read-routes.ts; packages/database/src/game-repository.ts","game-read-routes.test.ts; game-repository.test.ts","NOT_APPLICABLE_OR_NOT_RUN","PARTIAL_REAL_BROWSER_EVIDENCE; full two-user waitlist browser gap remains","Exact-head CI pending; browser create-cancel and two-tab recovery frozen","","Private game anonymous read"
"A-010","DISCOVERY","MAIN_PARTIAL","VERIFIED_SOURCE","CLOSED_MAIN","apps/api/src/games/game-read-routes.ts; packages/database/src/game-repository.ts","game-read-routes.test.ts; game-repository.test.ts","NOT_APPLICABLE_OR_NOT_RUN","PARTIAL_REAL_BROWSER_EVIDENCE; full two-user waitlist browser gap remains","Exact-head CI pending; browser create-cancel and two-tab recovery frozen","","Cancelled game read/list visibility"
"A-011","DISCOVERY","FEATURE_GATED","VERIFIED_SOURCE","CLOSED_MAIN","apps/api/src/games/game-read-routes.ts; packages/database/src/game-repository.ts","game-read-routes.test.ts; game-repository.test.ts","NOT_APPLICABLE_OR_NOT_RUN","PARTIAL_REAL_BROWSER_EVIDENCE; full two-user waitlist browser gap remains","Exact-head CI pending; browser create-cancel and two-tab recovery frozen","","Finished game history visibility"
"A-012","DISCOVERY","NOT_IMPLEMENTED","VERIFIED_SOURCE","CLOSED_MAIN","apps/api/src/games/game-read-routes.ts; packages/database/src/game-repository.ts","game-read-routes.test.ts; game-repository.test.ts","NOT_APPLICABLE_OR_NOT_RUN","PARTIAL_REAL_BROWSER_EVIDENCE; full two-user waitlist browser gap remains","Exact-head CI pending; browser create-cancel and two-tab recovery frozen","","Deleted game lookup"
"A-013","DISCOVERY","MAIN_PARTIAL","VERIFIED_SOURCE","CLOSED_MAIN","apps/api/src/games/game-read-routes.ts; packages/database/src/game-repository.ts","game-read-routes.test.ts; game-repository.test.ts","NOT_APPLICABLE_OR_NOT_RUN","PARTIAL_REAL_BROWSER_EVIDENCE; full two-user waitlist browser gap remains","Exact-head CI pending; browser create-cancel and two-tab recovery frozen","","Stale projection after mutation"
"A-014","DISCOVERY","MAIN_PARTIAL","VERIFIED_SOURCE","CLOSED_MAIN","apps/api/src/games/game-read-routes.ts; packages/database/src/game-repository.ts","game-read-routes.test.ts; game-repository.test.ts","NOT_APPLICABLE_OR_NOT_RUN","PARTIAL_REAL_BROWSER_EVIDENCE; full two-user waitlist browser gap remains","Exact-head CI pending; browser create-cancel and two-tab recovery frozen","","Read-after-write before projection"
"A-015","DISCOVERY","MAIN_PARTIAL","VERIFIED_SOURCE","CLOSED_MAIN","apps/api/src/games/game-read-routes.ts; packages/database/src/game-repository.ts","game-read-routes.test.ts; game-repository.test.ts","NOT_APPLICABLE_OR_NOT_RUN","PARTIAL_REAL_BROWSER_EVIDENCE; full two-user waitlist browser gap remains","Exact-head CI pending; browser create-cancel and two-tab recovery frozen","","Old client against expanded contract"
"A-016","DISCOVERY","FEATURE_GATED","VERIFIED_SOURCE","CLOSED_MAIN","apps/api/src/games/game-read-routes.ts; packages/database/src/game-repository.ts","game-read-routes.test.ts; game-repository.test.ts","NOT_APPLICABLE_OR_NOT_RUN","PARTIAL_REAL_BROWSER_EVIDENCE; full two-user waitlist browser gap remains","Exact-head CI pending; browser create-cancel and two-tab recovery frozen","","Public recommendation game card"
"A-017","DISCOVERY","FEATURE_GATED","VERIFIED_SOURCE","CLOSED_MAIN","apps/api/src/games/game-read-routes.ts; packages/database/src/game-repository.ts","game-read-routes.test.ts; game-repository.test.ts","NOT_APPLICABLE_OR_NOT_RUN","PARTIAL_REAL_BROWSER_EVIDENCE; full two-user waitlist browser gap remains","Exact-head CI pending; browser create-cancel and two-tab recovery frozen","","Home recommendation to detail"
"A-018","DISCOVERY","FEATURE_GATED","VERIFIED_SOURCE","CLOSED_MAIN","apps/api/src/games/game-read-routes.ts; packages/database/src/game-repository.ts","game-read-routes.test.ts; game-repository.test.ts","NOT_APPLICABLE_OR_NOT_RUN","PARTIAL_REAL_BROWSER_EVIDENCE; full two-user waitlist browser gap remains","Exact-head CI pending; browser create-cancel and two-tab recovery frozen","","Booking recommendation to game detail"
"A-019","DISCOVERY","PROVIDER_DEPENDENT","VERIFIED_OWNERSHIP","CLOSED_LEGACY_OWNED","apps/api/src/games/game-read-routes.ts; packages/database/src/game-repository.ts","game-read-routes.test.ts; game-repository.test.ts","NOT_APPLICABLE_OR_NOT_RUN","PARTIAL_REAL_BROWSER_EVIDENCE; full two-user waitlist browser gap remains","See follow-up-findings.md","GL-LEGACY-OWNED","Legacy tournament summary read"
"A-020","DISCOVERY","NOT_IMPLEMENTED","VERIFIED_SOURCE","CLOSED_MAIN","apps/api/src/games/game-read-routes.ts; packages/database/src/game-repository.ts","game-read-routes.test.ts; game-repository.test.ts","NOT_APPLICABLE_OR_NOT_RUN","PARTIAL_REAL_BROWSER_EVIDENCE; full two-user waitlist browser gap remains","Exact-head CI pending; browser create-cancel and two-tab recovery frozen","","Mobile games discovery parity"
"A-021","DISCOVERY","MAIN_IMPLEMENTED","VERIFIED_SOURCE","CLOSED_MAIN","apps/api/src/games/game-read-routes.ts; packages/database/src/game-repository.ts","game-read-routes.test.ts; game-repository.test.ts","NOT_APPLICABLE_OR_NOT_RUN","PARTIAL_REAL_BROWSER_EVIDENCE; full two-user waitlist browser gap remains","Exact-head CI pending; browser create-cancel and two-tab recovery frozen","","Games read repository unavailable"
"B-001","CREATE","CONTRACT_ONLY","VERIFIED_SOURCE","CLOSED_MAIN","apps/api/src/games/game-routes.ts; packages/database/src/game-repository.ts; apps/web/src/CreateGamePage.tsx","game-routes.test.ts; game-repository.test.ts; CreateGamePage.test.tsx","Partial physical PG16 evidence in game-create-recovery-postgres.test.ts; see postgres-evidence.md","PARTIAL_REAL_BROWSER_EVIDENCE; full two-user waitlist browser gap remains","Exact-head CI pending; browser create-cancel and two-tab recovery frozen","","Free game create in frozen main"
"B-002","CREATE","PENDING_PR","VERIFIED_SOURCE","CLOSED_MAIN","apps/api/src/games/game-routes.ts; packages/database/src/game-repository.ts; apps/web/src/CreateGamePage.tsx","game-routes.test.ts; game-repository.test.ts; CreateGamePage.test.tsx","Partial physical PG16 evidence in game-create-recovery-postgres.test.ts; see postgres-evidence.md","PARTIAL_REAL_BROWSER_EVIDENCE; full two-user waitlist browser gap remains","Exact-head CI pending; browser create-cancel and two-tab recovery frozen","","Free game create in PR #135"
"B-003","CREATE","PENDING_PR","VERIFIED_SOURCE","CLOSED_MAIN","apps/api/src/games/game-routes.ts; packages/database/src/game-repository.ts; apps/web/src/CreateGamePage.tsx","game-routes.test.ts; game-repository.test.ts; CreateGamePage.test.tsx","Partial physical PG16 evidence in game-create-recovery-postgres.test.ts; see postgres-evidence.md","PARTIAL_REAL_BROWSER_EVIDENCE; full two-user waitlist browser gap remains","Exact-head CI pending; browser create-cancel and two-tab recovery frozen","","Free public auto-publication PR #135"
"B-004","CREATE","PENDING_PR","VERIFIED_SOURCE","CLOSED_MAIN","apps/api/src/games/game-routes.ts; packages/database/src/game-repository.ts; apps/web/src/CreateGamePage.tsx","game-routes.test.ts; game-repository.test.ts; CreateGamePage.test.tsx","Partial physical PG16 evidence in game-create-recovery-postgres.test.ts; see postgres-evidence.md","PARTIAL_REAL_BROWSER_EVIDENCE; full two-user waitlist browser gap remains","Exact-head CI pending; browser create-cancel and two-tab recovery frozen","","Free private create PR #135"
"B-005","CREATE","PENDING_PR","VERIFIED_SOURCE","CLOSED_MAIN","apps/api/src/games/game-routes.ts; packages/database/src/game-repository.ts; apps/web/src/CreateGamePage.tsx","game-routes.test.ts; game-repository.test.ts; CreateGamePage.test.tsx","Partial physical PG16 evidence in game-create-recovery-postgres.test.ts; see postgres-evidence.md","PARTIAL_REAL_BROWSER_EVIDENCE; full two-user waitlist browser gap remains","Exact-head CI pending; browser create-cancel and two-tab recovery frozen","","Capacity 2 create PR #135"
"B-006","CREATE","PENDING_PR","VERIFIED_SOURCE","CLOSED_MAIN","apps/api/src/games/game-routes.ts; packages/database/src/game-repository.ts; apps/web/src/CreateGamePage.tsx","game-routes.test.ts; game-repository.test.ts; CreateGamePage.test.tsx","Partial physical PG16 evidence in game-create-recovery-postgres.test.ts; see postgres-evidence.md","PARTIAL_REAL_BROWSER_EVIDENCE; full two-user waitlist browser gap remains","Exact-head CI pending; browser create-cancel and two-tab recovery frozen","","Capacity 4 create PR #135"
"B-007","CREATE","PENDING_PR","VERIFIED_SOURCE","CLOSED_MAIN","apps/api/src/games/game-routes.ts; packages/database/src/game-repository.ts; apps/web/src/CreateGamePage.tsx","game-routes.test.ts; game-repository.test.ts; CreateGamePage.test.tsx","Partial physical PG16 evidence in game-create-recovery-postgres.test.ts; see postgres-evidence.md","PARTIAL_REAL_BROWSER_EVIDENCE; full two-user waitlist browser gap remains","Exact-head CI pending; browser create-cancel and two-tab recovery frozen","","Waitlist enabled create PR #135"
"B-008","CREATE","PENDING_PR","VERIFIED_SOURCE","CLOSED_MAIN","apps/api/src/games/game-routes.ts; packages/database/src/game-repository.ts; apps/web/src/CreateGamePage.tsx","game-routes.test.ts; game-repository.test.ts; CreateGamePage.test.tsx","Partial physical PG16 evidence in game-create-recovery-postgres.test.ts; see postgres-evidence.md","PARTIAL_REAL_BROWSER_EVIDENCE; full two-user waitlist browser gap remains","Exact-head CI pending; browser create-cancel and two-tab recovery frozen","","Waitlist disabled create PR #135"
"B-009","CREATE","PENDING_PR","VERIFIED_SOURCE","CLOSED_MAIN","apps/api/src/games/game-routes.ts; packages/database/src/game-repository.ts; apps/web/src/CreateGamePage.tsx","game-routes.test.ts; game-repository.test.ts; CreateGamePage.test.tsx","Partial physical PG16 evidence in game-create-recovery-postgres.test.ts; see postgres-evidence.md","PARTIAL_REAL_BROWSER_EVIDENCE; full two-user waitlist browser gap remains","Exact-head CI pending; browser create-cancel and two-tab recovery frozen","","Unrestricted level create PR #135"
"B-010","CREATE","PENDING_PR","VERIFIED_SOURCE","CLOSED_MAIN","apps/api/src/games/game-routes.ts; packages/database/src/game-repository.ts; apps/web/src/CreateGamePage.tsx","game-routes.test.ts; game-repository.test.ts; CreateGamePage.test.tsx","Partial physical PG16 evidence in game-create-recovery-postgres.test.ts; see postgres-evidence.md","PARTIAL_REAL_BROWSER_EVIDENCE; full two-user waitlist browser gap remains","Exact-head CI pending; browser create-cancel and two-tab recovery frozen","","Canonical min/max level create PR #135"
"B-011","CREATE","PENDING_PR","VERIFIED_SOURCE","CLOSED_MAIN","apps/api/src/games/game-routes.ts; packages/database/src/game-repository.ts; apps/web/src/CreateGamePage.tsx","game-routes.test.ts; game-repository.test.ts; CreateGamePage.test.tsx","Partial physical PG16 evidence in game-create-recovery-postgres.test.ts; see postgres-evidence.md","PARTIAL_REAL_BROWSER_EVIDENCE; full two-user waitlist browser gap remains","Exact-head CI pending; browser create-cancel and two-tab recovery frozen","","Invalid/inverted level range"
"B-012","CREATE","PENDING_PR","VERIFIED_SOURCE","CLOSED_MAIN","apps/api/src/games/game-routes.ts; packages/database/src/game-repository.ts; apps/web/src/CreateGamePage.tsx","game-routes.test.ts; game-repository.test.ts; CreateGamePage.test.tsx","Partial physical PG16 evidence in game-create-recovery-postgres.test.ts; see postgres-evidence.md","PARTIAL_REAL_BROWSER_EVIDENCE; full two-user waitlist browser gap remains","Exact-head CI pending; browser create-cancel and two-tab recovery frozen","","Past start time"
"B-013","CREATE","PENDING_PR","VERIFIED_SOURCE","CLOSED_MAIN","apps/api/src/games/game-routes.ts; packages/database/src/game-repository.ts; apps/web/src/CreateGamePage.tsx","game-routes.test.ts; game-repository.test.ts; CreateGamePage.test.tsx","Partial physical PG16 evidence in game-create-recovery-postgres.test.ts; see postgres-evidence.md","PARTIAL_REAL_BROWSER_EVIDENCE; full two-user waitlist browser gap remains","Exact-head CI pending; browser create-cancel and two-tab recovery frozen","","End before start"
"B-014","CREATE","PENDING_PR","VERIFIED_SOURCE","CLOSED_MAIN","apps/api/src/games/game-routes.ts; packages/database/src/game-repository.ts; apps/web/src/CreateGamePage.tsx","game-routes.test.ts; game-repository.test.ts; CreateGamePage.test.tsx","Partial physical PG16 evidence in game-create-recovery-postgres.test.ts; see postgres-evidence.md","PARTIAL_REAL_BROWSER_EVIDENCE; full two-user waitlist browser gap remains","Exact-head CI pending; browser create-cancel and two-tab recovery frozen","","Invalid timezone"
"B-015","CREATE","MAIN_PARTIAL","GAP_CONFIRMED","STILL_OPEN","apps/api/src/games/game-routes.ts; packages/database/src/game-repository.ts; apps/web/src/CreateGamePage.tsx","game-routes.test.ts; game-repository.test.ts; CreateGamePage.test.tsx","Partial physical PG16 evidence in game-create-recovery-postgres.test.ts; see postgres-evidence.md","PARTIAL_REAL_BROWSER_EVIDENCE; full two-user waitlist browser gap remains","Separate in-scope follow-up acceptance test required","GL-FU-STATION-OWNERSHIP","Unknown station UUID semantics"
"B-016","CREATE","NOT_IMPLEMENTED","GAP_CONFIRMED","STILL_OPEN","apps/api/src/games/game-routes.ts; packages/database/src/game-repository.ts; apps/web/src/CreateGamePage.tsx","game-routes.test.ts; game-repository.test.ts; CreateGamePage.test.tsx","Partial physical PG16 evidence in game-create-recovery-postgres.test.ts; see postgres-evidence.md","PARTIAL_REAL_BROWSER_EVIDENCE; full two-user waitlist browser gap remains","Separate in-scope follow-up acceptance test required","GL-FU-STATION-OWNERSHIP","Unavailable court/time conflict"
"B-017","CREATE","PENDING_PR","VERIFIED_SOURCE","CLOSED_MAIN","apps/api/src/games/game-routes.ts; packages/database/src/game-repository.ts; apps/web/src/CreateGamePage.tsx","game-routes.test.ts; game-repository.test.ts; CreateGamePage.test.tsx","Partial physical PG16 evidence in game-create-recovery-postgres.test.ts; see postgres-evidence.md","PARTIAL_REAL_BROWSER_EVIDENCE; full two-user waitlist browser gap remains","Exact-head CI pending; browser create-cancel and two-tab recovery frozen","","Double-click same create intent"
"B-018","CREATE","PENDING_PR","VERIFIED_SOURCE","CLOSED_MAIN","apps/api/src/games/game-routes.ts; packages/database/src/game-repository.ts; apps/web/src/CreateGamePage.tsx","game-routes.test.ts; game-repository.test.ts; CreateGamePage.test.tsx","Partial physical PG16 evidence in game-create-recovery-postgres.test.ts; see postgres-evidence.md","PARTIAL_REAL_BROWSER_EVIDENCE; full two-user waitlist browser gap remains","Exact-head CI pending; browser create-cancel and two-tab recovery frozen","","Network timeout then same create retry"
"B-019","CREATE","PENDING_PR","VERIFIED_SOURCE","CLOSED_MAIN","apps/api/src/games/game-routes.ts; packages/database/src/game-repository.ts; apps/web/src/CreateGamePage.tsx","game-routes.test.ts; game-repository.test.ts; CreateGamePage.test.tsx","Partial physical PG16 evidence in game-create-recovery-postgres.test.ts; see postgres-evidence.md","PARTIAL_REAL_BROWSER_EVIDENCE; full two-user waitlist browser gap remains","Exact-head CI pending; browser create-cancel and two-tab recovery frozen","","Same key same create payload"
"B-020","CREATE","PENDING_PR","VERIFIED_SOURCE","CLOSED_MAIN","apps/api/src/games/game-routes.ts; packages/database/src/game-repository.ts; apps/web/src/CreateGamePage.tsx","game-routes.test.ts; game-repository.test.ts; CreateGamePage.test.tsx","Partial physical PG16 evidence in game-create-recovery-postgres.test.ts; see postgres-evidence.md","PARTIAL_REAL_BROWSER_EVIDENCE; full two-user waitlist browser gap remains","Exact-head CI pending; browser create-cancel and two-tab recovery frozen","","Same key different create payload"
"B-021","CREATE","PENDING_PR","VERIFIED_SOURCE","CLOSED_MAIN","apps/api/src/games/game-routes.ts; packages/database/src/game-repository.ts; apps/web/src/CreateGamePage.tsx","game-routes.test.ts; game-repository.test.ts; CreateGamePage.test.tsx","Partial physical PG16 evidence in game-create-recovery-postgres.test.ts; see postgres-evidence.md","PARTIAL_REAL_BROWSER_EVIDENCE; full two-user waitlist browser gap remains","Exact-head CI pending; browser create-cancel and two-tab recovery frozen","","Local transaction failure before commit"
"B-022","CREATE","PENDING_PR","VERIFIED_SOURCE","CLOSED_MAIN","apps/api/src/games/game-routes.ts; packages/database/src/game-repository.ts; apps/web/src/CreateGamePage.tsx","game-routes.test.ts; game-repository.test.ts; CreateGamePage.test.tsx","Partial physical PG16 evidence in game-create-recovery-postgres.test.ts; see postgres-evidence.md","PARTIAL_REAL_BROWSER_EVIDENCE; full two-user waitlist browser gap remains","Exact-head CI pending; browser create-cancel and two-tab recovery frozen","","Outbox publish delay after free create"
"B-023","CREATE","PENDING_PR","VERIFIED_SOURCE","CLOSED_MAIN","apps/api/src/games/game-routes.ts; packages/database/src/game-repository.ts; apps/web/src/CreateGamePage.tsx","game-routes.test.ts; game-repository.test.ts; CreateGamePage.test.tsx","Partial physical PG16 evidence in game-create-recovery-postgres.test.ts; see postgres-evidence.md","PARTIAL_REAL_BROWSER_EVIDENCE; full two-user waitlist browser gap remains","Exact-head CI pending; browser create-cancel and two-tab recovery frozen","","Projection lag after free create"
"B-024","CREATE","NOT_IMPLEMENTED","VERIFIED_FAIL_CLOSED","CLOSED_UNSUPPORTED","apps/api/src/games/game-routes.ts; packages/database/src/game-repository.ts; apps/web/src/CreateGamePage.tsx","game-routes.test.ts; game-repository.test.ts; CreateGamePage.test.tsx","Partial physical PG16 evidence in game-create-recovery-postgres.test.ts; see postgres-evidence.md","PARTIAL_REAL_BROWSER_EVIDENCE; full two-user waitlist browser gap remains","Separate compensated/provider design required before support","GL-P0-01","Paid create pay self only"
"B-025","CREATE","NOT_IMPLEMENTED","VERIFIED_FAIL_CLOSED","CLOSED_UNSUPPORTED","apps/api/src/games/game-routes.ts; packages/database/src/game-repository.ts; apps/web/src/CreateGamePage.tsx","game-routes.test.ts; game-repository.test.ts; CreateGamePage.test.tsx","Partial physical PG16 evidence in game-create-recovery-postgres.test.ts; see postgres-evidence.md","PARTIAL_REAL_BROWSER_EVIDENCE; full two-user waitlist browser gap remains","Separate compensated/provider design required before support","GL-P0-01","Organizer pays all"
"B-026","CREATE","NOT_IMPLEMENTED","VERIFIED_FAIL_CLOSED","CLOSED_UNSUPPORTED","apps/api/src/games/game-routes.ts; packages/database/src/game-repository.ts; apps/web/src/CreateGamePage.tsx","game-routes.test.ts; game-repository.test.ts; CreateGamePage.test.tsx","Partial physical PG16 evidence in game-create-recovery-postgres.test.ts; see postgres-evidence.md","PARTIAL_REAL_BROWSER_EVIDENCE; full two-user waitlist browser gap remains","Separate compensated/provider design required before support","GL-P0-01","Split-payment create"
"B-027","CREATE","NOT_IMPLEMENTED","VERIFIED_FAIL_CLOSED","CLOSED_UNSUPPORTED","apps/api/src/games/game-routes.ts; packages/database/src/game-repository.ts; apps/web/src/CreateGamePage.tsx","game-routes.test.ts; game-repository.test.ts; CreateGamePage.test.tsx","Partial physical PG16 evidence in game-create-recovery-postgres.test.ts; see postgres-evidence.md","PARTIAL_REAL_BROWSER_EVIDENCE; full two-user waitlist browser gap remains","Separate compensated/provider design required before support","GL-P0-01","Subscription-backed create"
"B-028","CREATE","NOT_IMPLEMENTED","VERIFIED_FAIL_CLOSED","CLOSED_UNSUPPORTED","apps/api/src/games/game-routes.ts; packages/database/src/game-repository.ts; apps/web/src/CreateGamePage.tsx","game-routes.test.ts; game-repository.test.ts; CreateGamePage.test.tsx","Partial physical PG16 evidence in game-create-recovery-postgres.test.ts; see postgres-evidence.md","PARTIAL_REAL_BROWSER_EVIDENCE; full two-user waitlist browser gap remains","Separate compensated/provider design required before support","GL-P0-01","Discounted additional game create"
"B-029","CREATE","NOT_IMPLEMENTED","VERIFIED_FAIL_CLOSED","CLOSED_UNSUPPORTED","apps/api/src/games/game-routes.ts; packages/database/src/game-repository.ts; apps/web/src/CreateGamePage.tsx","game-routes.test.ts; game-repository.test.ts; CreateGamePage.test.tsx","Partial physical PG16 evidence in game-create-recovery-postgres.test.ts; see postgres-evidence.md","PARTIAL_REAL_BROWSER_EVIDENCE; full two-user waitlist browser gap remains","Separate compensated/provider design required before support","GL-P0-01","Additional duration create"
"B-030","CREATE","NOT_IMPLEMENTED","VERIFIED_FAIL_CLOSED","CLOSED_UNSUPPORTED","apps/api/src/games/game-routes.ts; packages/database/src/game-repository.ts; apps/web/src/CreateGamePage.tsx","game-routes.test.ts; game-repository.test.ts; CreateGamePage.test.tsx","Partial physical PG16 evidence in game-create-recovery-postgres.test.ts; see postgres-evidence.md","PARTIAL_REAL_BROWSER_EVIDENCE; full two-user waitlist browser gap remains","Separate compensated/provider design required before support","GL-P0-01","Create from existing provider booking"
"B-031","CREATE","NOT_IMPLEMENTED","VERIFIED_FAIL_CLOSED","CLOSED_UNSUPPORTED","apps/api/src/games/game-routes.ts; packages/database/src/game-repository.ts; apps/web/src/CreateGamePage.tsx","game-routes.test.ts; game-repository.test.ts; CreateGamePage.test.tsx","Partial physical PG16 evidence in game-create-recovery-postgres.test.ts; see postgres-evidence.md","PARTIAL_REAL_BROWSER_EVIDENCE; full two-user waitlist browser gap remains","Separate compensated/provider design required before support","GL-P0-01","Create with new provider booking"
"B-032","CREATE","NOT_IMPLEMENTED","VERIFIED_FAIL_CLOSED","CLOSED_UNSUPPORTED","apps/api/src/games/game-routes.ts; packages/database/src/game-repository.ts; apps/web/src/CreateGamePage.tsx","game-routes.test.ts; game-repository.test.ts; CreateGamePage.test.tsx","Partial physical PG16 evidence in game-create-recovery-postgres.test.ts; see postgres-evidence.md","PARTIAL_REAL_BROWSER_EVIDENCE; full two-user waitlist browser gap remains","Separate compensated/provider design required before support","GL-P0-01","Provider reject on create"
"B-033","CREATE","NOT_IMPLEMENTED","VERIFIED_FAIL_CLOSED","CLOSED_UNSUPPORTED","apps/api/src/games/game-routes.ts; packages/database/src/game-repository.ts; apps/web/src/CreateGamePage.tsx","game-routes.test.ts; game-repository.test.ts; CreateGamePage.test.tsx","Partial physical PG16 evidence in game-create-recovery-postgres.test.ts; see postgres-evidence.md","PARTIAL_REAL_BROWSER_EVIDENCE; full two-user waitlist browser gap remains","Separate compensated/provider design required before support","GL-P0-01","Provider timeout before response"
"B-034","CREATE","NOT_IMPLEMENTED","VERIFIED_FAIL_CLOSED","CLOSED_UNSUPPORTED","apps/api/src/games/game-routes.ts; packages/database/src/game-repository.ts; apps/web/src/CreateGamePage.tsx","game-routes.test.ts; game-repository.test.ts; CreateGamePage.test.tsx","Partial physical PG16 evidence in game-create-recovery-postgres.test.ts; see postgres-evidence.md","PARTIAL_REAL_BROWSER_EVIDENCE; full two-user waitlist browser gap remains","Separate compensated/provider design required before support","GL-P0-01","Provider ambiguous timeout after possible commit"
"B-035","CREATE","NOT_IMPLEMENTED","VERIFIED_FAIL_CLOSED","CLOSED_UNSUPPORTED","apps/api/src/games/game-routes.ts; packages/database/src/game-repository.ts; apps/web/src/CreateGamePage.tsx","game-routes.test.ts; game-repository.test.ts; CreateGamePage.test.tsx","Partial physical PG16 evidence in game-create-recovery-postgres.test.ts; see postgres-evidence.md","PARTIAL_REAL_BROWSER_EVIDENCE; full two-user waitlist browser gap remains","Separate compensated/provider design required before support","GL-P0-01","Local failure after provider commit"
"B-036","CREATE","NOT_IMPLEMENTED","BLOCKED_SAFE_MODEL","BLOCKED_PRODUCT_DECISION","apps/api/src/games/game-routes.ts; packages/database/src/game-repository.ts; apps/web/src/CreateGamePage.tsx","game-routes.test.ts; game-repository.test.ts; CreateGamePage.test.tsx","Partial physical PG16 evidence in game-create-recovery-postgres.test.ts; see postgres-evidence.md","PARTIAL_REAL_BROWSER_EVIDENCE; full two-user waitlist browser gap remains","See follow-up-findings.md","GL-FU-CREATE-OWNERSHIP","Community game create"
"B-037","CREATE","LEGACY_ACTIVE","BLOCKED_SAFE_MODEL","BLOCKED_PRODUCT_DECISION","apps/api/src/games/game-routes.ts; packages/database/src/game-repository.ts; apps/web/src/CreateGamePage.tsx","game-routes.test.ts; game-repository.test.ts; CreateGamePage.test.tsx","Partial physical PG16 evidence in game-create-recovery-postgres.test.ts; see postgres-evidence.md","PARTIAL_REAL_BROWSER_EVIDENCE; full two-user waitlist browser gap remains","See follow-up-findings.md","GL-FU-CREATE-OWNERSHIP","Trainer/coach game create"
"B-038","CREATE","LEGACY_ACTIVE","BLOCKED_SAFE_MODEL","BLOCKED_PRODUCT_DECISION","apps/api/src/games/game-routes.ts; packages/database/src/game-repository.ts; apps/web/src/CreateGamePage.tsx","game-routes.test.ts; game-repository.test.ts; CreateGamePage.test.tsx","Partial physical PG16 evidence in game-create-recovery-postgres.test.ts; see postgres-evidence.md","PARTIAL_REAL_BROWSER_EVIDENCE; full two-user waitlist browser gap remains","See follow-up-findings.md","GL-FU-CREATE-OWNERSHIP","Tournament-generated game create"
"B-039","CREATE","NOT_IMPLEMENTED","BLOCKED_SAFE_MODEL","BLOCKED_PRODUCT_DECISION","apps/api/src/games/game-routes.ts; packages/database/src/game-repository.ts; apps/web/src/CreateGamePage.tsx","game-routes.test.ts; game-repository.test.ts; CreateGamePage.test.tsx","Partial physical PG16 evidence in game-create-recovery-postgres.test.ts; see postgres-evidence.md","PARTIAL_REAL_BROWSER_EVIDENCE; full two-user waitlist browser gap remains","See follow-up-findings.md","GL-FU-CREATE-OWNERSHIP","Admin-created game in lk2"
"B-040","CREATE","LEGACY_ACTIVE","VERIFIED_OWNERSHIP","CLOSED_LEGACY_OWNED","apps/api/src/games/game-routes.ts; packages/database/src/game-repository.ts; apps/web/src/CreateGamePage.tsx","game-routes.test.ts; game-repository.test.ts; CreateGamePage.test.tsx","Partial physical PG16 evidence in game-create-recovery-postgres.test.ts; see postgres-evidence.md","PARTIAL_REAL_BROWSER_EVIDENCE; full two-user waitlist browser gap remains","See follow-up-findings.md","GL-LEGACY-OWNED","Legacy LK1 game create"
"E-001","JOIN","FEATURE_GATED","VERIFIED_SOURCE","CLOSED_MAIN","packages/database/src/game-roster-repository.ts; apps/api/src/games/game-routes.ts","game-roster-repository.test.ts; game-routes.test.ts; game-create-recovery-postgres.test.ts","Partial physical PG16 evidence in game-create-recovery-postgres.test.ts; see postgres-evidence.md","PARTIAL_REAL_BROWSER_EVIDENCE; full two-user waitlist browser gap remains","Exact-head CI pending; browser create-cancel and two-tab recovery frozen","","Free join with open seat"
"E-002","JOIN","FEATURE_GATED","VERIFIED_SOURCE","CLOSED_MAIN","packages/database/src/game-roster-repository.ts; apps/api/src/games/game-routes.ts","game-roster-repository.test.ts; game-routes.test.ts; game-create-recovery-postgres.test.ts","Partial physical PG16 evidence in game-create-recovery-postgres.test.ts; see postgres-evidence.md","PARTIAL_REAL_BROWSER_EVIDENCE; full two-user waitlist browser gap remains","Exact-head CI pending; browser create-cancel and two-tab recovery frozen","","Free join takes last seat"
"E-003","JOIN","MAIN_IMPLEMENTED","VERIFIED_SOURCE","CLOSED_MAIN","packages/database/src/game-roster-repository.ts; apps/api/src/games/game-routes.ts","game-roster-repository.test.ts; game-routes.test.ts; game-create-recovery-postgres.test.ts","Partial physical PG16 evidence in game-create-recovery-postgres.test.ts; see postgres-evidence.md","PARTIAL_REAL_BROWSER_EVIDENCE; full two-user waitlist browser gap remains","Exact-head CI pending; browser create-cancel and two-tab recovery frozen","","Two concurrent joins for last seat"
"E-004","JOIN","FEATURE_GATED","VERIFIED_SOURCE","CLOSED_MAIN","packages/database/src/game-roster-repository.ts; apps/api/src/games/game-routes.ts","game-roster-repository.test.ts; game-routes.test.ts; game-create-recovery-postgres.test.ts","Partial physical PG16 evidence in game-create-recovery-postgres.test.ts; see postgres-evidence.md","PARTIAL_REAL_BROWSER_EVIDENCE; full two-user waitlist browser gap remains","Exact-head CI pending; browser create-cancel and two-tab recovery frozen","","Join without expectedRevision"
"E-005","JOIN","FEATURE_GATED","VERIFIED_SOURCE","CLOSED_MAIN","packages/database/src/game-roster-repository.ts; apps/api/src/games/game-routes.ts","game-roster-repository.test.ts; game-routes.test.ts; game-create-recovery-postgres.test.ts","Partial physical PG16 evidence in game-create-recovery-postgres.test.ts; see postgres-evidence.md","PARTIAL_REAL_BROWSER_EVIDENCE; full two-user waitlist browser gap remains","Exact-head CI pending; browser create-cancel and two-tab recovery frozen","","Join with current expectedRevision"
"E-006","JOIN","FEATURE_GATED","VERIFIED_SOURCE","CLOSED_MAIN","packages/database/src/game-roster-repository.ts; apps/api/src/games/game-routes.ts","game-roster-repository.test.ts; game-routes.test.ts; game-create-recovery-postgres.test.ts","Partial physical PG16 evidence in game-create-recovery-postgres.test.ts; see postgres-evidence.md","PARTIAL_REAL_BROWSER_EVIDENCE; full two-user waitlist browser gap remains","Exact-head CI pending; browser create-cancel and two-tab recovery frozen","","Join with stale expectedRevision"
"E-007","JOIN","FEATURE_GATED","VERIFIED_SOURCE","CLOSED_MAIN","packages/database/src/game-roster-repository.ts; apps/api/src/games/game-routes.ts","game-roster-repository.test.ts; game-routes.test.ts; game-create-recovery-postgres.test.ts","Partial physical PG16 evidence in game-create-recovery-postgres.test.ts; see postgres-evidence.md","PARTIAL_REAL_BROWSER_EVIDENCE; full two-user waitlist browser gap remains","Exact-head CI pending; browser create-cancel and two-tab recovery frozen","","Join missing game"
"E-008","JOIN","FEATURE_GATED","VERIFIED_SOURCE","CLOSED_MAIN","packages/database/src/game-roster-repository.ts; apps/api/src/games/game-routes.ts","game-roster-repository.test.ts; game-routes.test.ts; game-create-recovery-postgres.test.ts","Partial physical PG16 evidence in game-create-recovery-postgres.test.ts; see postgres-evidence.md","PARTIAL_REAL_BROWSER_EVIDENCE; full two-user waitlist browser gap remains","Exact-head CI pending; browser create-cancel and two-tab recovery frozen","","Join non-scheduled game"
"E-009","JOIN","FEATURE_GATED","VERIFIED_SOURCE","CLOSED_MAIN","packages/database/src/game-roster-repository.ts; apps/api/src/games/game-routes.ts","game-roster-repository.test.ts; game-routes.test.ts; game-create-recovery-postgres.test.ts","Partial physical PG16 evidence in game-create-recovery-postgres.test.ts; see postgres-evidence.md","PARTIAL_REAL_BROWSER_EVIDENCE; full two-user waitlist browser gap remains","Exact-head CI pending; browser create-cancel and two-tab recovery frozen","","Join after cutoff"
"E-010","JOIN","FEATURE_GATED","VERIFIED_SOURCE","CLOSED_MAIN","packages/database/src/game-roster-repository.ts; apps/api/src/games/game-routes.ts","game-roster-repository.test.ts; game-routes.test.ts; game-create-recovery-postgres.test.ts","Partial physical PG16 evidence in game-create-recovery-postgres.test.ts; see postgres-evidence.md","PARTIAL_REAL_BROWSER_EVIDENCE; full two-user waitlist browser gap remains","Exact-head CI pending; browser create-cancel and two-tab recovery frozen","","Join already participant"
"E-011","JOIN","FEATURE_GATED","VERIFIED_SOURCE","CLOSED_MAIN","packages/database/src/game-roster-repository.ts; apps/api/src/games/game-routes.ts","game-roster-repository.test.ts; game-routes.test.ts; game-create-recovery-postgres.test.ts","Partial physical PG16 evidence in game-create-recovery-postgres.test.ts; see postgres-evidence.md","PARTIAL_REAL_BROWSER_EVIDENCE; full two-user waitlist browser gap remains","Exact-head CI pending; browser create-cancel and two-tab recovery frozen","","Join already reserved"
"E-012","JOIN","FEATURE_GATED","VERIFIED_SOURCE","CLOSED_MAIN","packages/database/src/game-roster-repository.ts; apps/api/src/games/game-routes.ts","game-roster-repository.test.ts; game-routes.test.ts; game-create-recovery-postgres.test.ts","Partial physical PG16 evidence in game-create-recovery-postgres.test.ts; see postgres-evidence.md","PARTIAL_REAL_BROWSER_EVIDENCE; full two-user waitlist browser gap remains","Exact-head CI pending; browser create-cancel and two-tab recovery frozen","","Join already waitlisted"
"E-013","JOIN","FEATURE_GATED","VERIFIED_SOURCE","CLOSED_MAIN","packages/database/src/game-roster-repository.ts; apps/api/src/games/game-routes.ts","game-roster-repository.test.ts; game-routes.test.ts; game-create-recovery-postgres.test.ts","Partial physical PG16 evidence in game-create-recovery-postgres.test.ts; see postgres-evidence.md","PARTIAL_REAL_BROWSER_EVIDENCE; full two-user waitlist browser gap remains","Exact-head CI pending; browser create-cancel and two-tab recovery frozen","","Join full game"
"E-014","JOIN","FEATURE_GATED","VERIFIED_SOURCE","CLOSED_MAIN","packages/database/src/game-roster-repository.ts; apps/api/src/games/game-routes.ts","game-roster-repository.test.ts; game-routes.test.ts; game-create-recovery-postgres.test.ts","Partial physical PG16 evidence in game-create-recovery-postgres.test.ts; see postgres-evidence.md","PARTIAL_REAL_BROWSER_EVIDENCE; full two-user waitlist browser gap remains","Exact-head CI pending; browser create-cancel and two-tab recovery frozen","","Join requires missing player level"
"E-015","JOIN","FEATURE_GATED","VERIFIED_SOURCE","CLOSED_MAIN","packages/database/src/game-roster-repository.ts; apps/api/src/games/game-routes.ts","game-roster-repository.test.ts; game-routes.test.ts; game-create-recovery-postgres.test.ts","Partial physical PG16 evidence in game-create-recovery-postgres.test.ts; see postgres-evidence.md","PARTIAL_REAL_BROWSER_EVIDENCE; full two-user waitlist browser gap remains","Exact-head CI pending; browser create-cancel and two-tab recovery frozen","","Join player level unknown"
"E-016","JOIN","FEATURE_GATED","VERIFIED_SOURCE","CLOSED_MAIN","packages/database/src/game-roster-repository.ts; apps/api/src/games/game-routes.ts","game-roster-repository.test.ts; game-routes.test.ts; game-create-recovery-postgres.test.ts","Partial physical PG16 evidence in game-create-recovery-postgres.test.ts; see postgres-evidence.md","PARTIAL_REAL_BROWSER_EVIDENCE; full two-user waitlist browser gap remains","Exact-head CI pending; browser create-cancel and two-tab recovery frozen","","Join outside allowed level"
"E-017","JOIN","FEATURE_GATED","VERIFIED_SOURCE","CLOSED_MAIN","packages/database/src/game-roster-repository.ts; apps/api/src/games/game-routes.ts","game-roster-repository.test.ts; game-routes.test.ts; game-create-recovery-postgres.test.ts","Partial physical PG16 evidence in game-create-recovery-postgres.test.ts; see postgres-evidence.md","PARTIAL_REAL_BROWSER_EVIDENCE; full two-user waitlist browser gap remains","Exact-head CI pending; browser create-cancel and two-tab recovery frozen","","Join level sport mismatch"
"E-018","JOIN","FEATURE_GATED","VERIFIED_SOURCE","CLOSED_MAIN","packages/database/src/game-roster-repository.ts; apps/api/src/games/game-routes.ts","game-roster-repository.test.ts; game-routes.test.ts; game-create-recovery-postgres.test.ts","Partial physical PG16 evidence in game-create-recovery-postgres.test.ts; see postgres-evidence.md","PARTIAL_REAL_BROWSER_EVIDENCE; full two-user waitlist browser gap remains","Exact-head CI pending; browser create-cancel and two-tab recovery frozen","","Join level scale mismatch"
"E-019","JOIN","FEATURE_GATED","VERIFIED_SOURCE","CLOSED_MAIN","packages/database/src/game-roster-repository.ts; apps/api/src/games/game-routes.ts","game-roster-repository.test.ts; game-routes.test.ts; game-create-recovery-postgres.test.ts","Partial physical PG16 evidence in game-create-recovery-postgres.test.ts; see postgres-evidence.md","PARTIAL_REAL_BROWSER_EVIDENCE; full two-user waitlist browser gap remains","Exact-head CI pending; browser create-cancel and two-tab recovery frozen","","Join activity level undefined"
"E-020","JOIN","FEATURE_GATED","VERIFIED_SOURCE","CLOSED_MAIN","packages/database/src/game-roster-repository.ts; apps/api/src/games/game-routes.ts","game-roster-repository.test.ts; game-routes.test.ts; game-create-recovery-postgres.test.ts","Partial physical PG16 evidence in game-create-recovery-postgres.test.ts; see postgres-evidence.md","PARTIAL_REAL_BROWSER_EVIDENCE; full two-user waitlist browser gap remains","Exact-head CI pending; browser create-cancel and two-tab recovery frozen","","Join activity level invalid"
"E-021","JOIN","FEATURE_GATED","VERIFIED_SOURCE","CLOSED_MAIN","packages/database/src/game-roster-repository.ts; apps/api/src/games/game-routes.ts","game-roster-repository.test.ts; game-routes.test.ts; game-create-recovery-postgres.test.ts","Partial physical PG16 evidence in game-create-recovery-postgres.test.ts; see postgres-evidence.md","PARTIAL_REAL_BROWSER_EVIDENCE; full two-user waitlist browser gap remains","Exact-head CI pending; browser create-cancel and two-tab recovery frozen","","Join level policy misconfigured"
"E-022","JOIN","FEATURE_GATED","VERIFIED_SOURCE","CLOSED_MAIN","packages/database/src/game-roster-repository.ts; apps/api/src/games/game-routes.ts","game-roster-repository.test.ts; game-routes.test.ts; game-create-recovery-postgres.test.ts","Partial physical PG16 evidence in game-create-recovery-postgres.test.ts; see postgres-evidence.md","PARTIAL_REAL_BROWSER_EVIDENCE; full two-user waitlist browser gap remains","Exact-head CI pending; browser create-cancel and two-tab recovery frozen","","Join with valid invitation"
"E-023","JOIN","FEATURE_GATED","VERIFIED_SOURCE","CLOSED_MAIN","packages/database/src/game-roster-repository.ts; apps/api/src/games/game-routes.ts","game-roster-repository.test.ts; game-routes.test.ts; game-create-recovery-postgres.test.ts","Partial physical PG16 evidence in game-create-recovery-postgres.test.ts; see postgres-evidence.md","PARTIAL_REAL_BROWSER_EVIDENCE; full two-user waitlist browser gap remains","Exact-head CI pending; browser create-cancel and two-tab recovery frozen","","Join with invalid invitation"
"E-024","JOIN","MAIN_PARTIAL","BLOCKED_EXTERNAL_DEPENDENCY","BLOCKED_EXTERNAL","packages/database/src/game-roster-repository.ts; apps/api/src/games/game-routes.ts","game-roster-repository.test.ts; game-routes.test.ts; game-create-recovery-postgres.test.ts","Partial physical PG16 evidence in game-create-recovery-postgres.test.ts; see postgres-evidence.md","PARTIAL_REAL_BROWSER_EVIDENCE; full two-user waitlist browser gap remains","See follow-up-findings.md","GL-P0-01","Paid split join creates reservation"
"E-025","JOIN","MAIN_PARTIAL","BLOCKED_EXTERNAL_DEPENDENCY","BLOCKED_EXTERNAL","packages/database/src/game-roster-repository.ts; apps/api/src/games/game-routes.ts","game-roster-repository.test.ts; game-routes.test.ts; game-create-recovery-postgres.test.ts","Partial physical PG16 evidence in game-create-recovery-postgres.test.ts; see postgres-evidence.md","PARTIAL_REAL_BROWSER_EVIDENCE; full two-user waitlist browser gap remains","See follow-up-findings.md","GL-P0-01","Subscription join creates reservation snapshot"
"E-026","JOIN","MAIN_PARTIAL","BLOCKED_EXTERNAL_DEPENDENCY","BLOCKED_EXTERNAL","packages/database/src/game-roster-repository.ts; apps/api/src/games/game-routes.ts","game-roster-repository.test.ts; game-routes.test.ts; game-create-recovery-postgres.test.ts","Partial physical PG16 evidence in game-create-recovery-postgres.test.ts; see postgres-evidence.md","PARTIAL_REAL_BROWSER_EVIDENCE; full two-user waitlist browser gap remains","See follow-up-findings.md","GL-P0-01","Pending payment reservation"
"E-027","JOIN","MAIN_PARTIAL","BLOCKED_EXTERNAL_DEPENDENCY","BLOCKED_EXTERNAL","packages/database/src/game-roster-repository.ts; apps/api/src/games/game-routes.ts","game-roster-repository.test.ts; game-routes.test.ts; game-create-recovery-postgres.test.ts","Partial physical PG16 evidence in game-create-recovery-postgres.test.ts; see postgres-evidence.md","PARTIAL_REAL_BROWSER_EVIDENCE; full two-user waitlist browser gap remains","See follow-up-findings.md","GL-P0-01","Reservation expiry scheduled"
"E-028","JOIN","NOT_IMPLEMENTED","BLOCKED_SAFE_MODEL","BLOCKED_PRODUCT_DECISION","packages/database/src/game-roster-repository.ts; apps/api/src/games/game-routes.ts","game-roster-repository.test.ts; game-routes.test.ts; game-create-recovery-postgres.test.ts","Partial physical PG16 evidence in game-create-recovery-postgres.test.ts; see postgres-evidence.md","PARTIAL_REAL_BROWSER_EVIDENCE; full two-user waitlist browser gap remains","See follow-up-findings.md","GL-BLOCK-RESERVATION-EXPIRY","Reservation expiry executes automatically"
"E-029","JOIN","NOT_IMPLEMENTED","BLOCKED_EXTERNAL_DEPENDENCY","BLOCKED_EXTERNAL","packages/database/src/game-roster-repository.ts; apps/api/src/games/game-routes.ts","game-roster-repository.test.ts; game-routes.test.ts; game-create-recovery-postgres.test.ts","Partial physical PG16 evidence in game-create-recovery-postgres.test.ts; see postgres-evidence.md","PARTIAL_REAL_BROWSER_EVIDENCE; full two-user waitlist browser gap remains","See follow-up-findings.md","GL-P0-01","Payment confirmation via public join operation"
"E-030","JOIN","FEATURE_GATED","BLOCKED_EXTERNAL_DEPENDENCY","BLOCKED_EXTERNAL","packages/database/src/game-roster-repository.ts; apps/api/src/games/game-routes.ts","game-roster-repository.test.ts; game-routes.test.ts; game-create-recovery-postgres.test.ts","Partial physical PG16 evidence in game-create-recovery-postgres.test.ts; see postgres-evidence.md","PARTIAL_REAL_BROWSER_EVIDENCE; full two-user waitlist browser gap remains","See follow-up-findings.md","GL-P0-01","Payment confirmation via legacy bridge"
"E-031","JOIN","MAIN_IMPLEMENTED","BLOCKED_EXTERNAL_DEPENDENCY","BLOCKED_EXTERNAL","packages/database/src/game-roster-repository.ts; apps/api/src/games/game-routes.ts","game-roster-repository.test.ts; game-routes.test.ts; game-create-recovery-postgres.test.ts","Partial physical PG16 evidence in game-create-recovery-postgres.test.ts; see postgres-evidence.md","PARTIAL_REAL_BROWSER_EVIDENCE; full two-user waitlist browser gap remains","See follow-up-findings.md","GL-P0-01","Payment evidence exact replay"
"E-032","JOIN","MAIN_IMPLEMENTED","BLOCKED_EXTERNAL_DEPENDENCY","BLOCKED_EXTERNAL","packages/database/src/game-roster-repository.ts; apps/api/src/games/game-routes.ts","game-roster-repository.test.ts; game-routes.test.ts; game-create-recovery-postgres.test.ts","Partial physical PG16 evidence in game-create-recovery-postgres.test.ts; see postgres-evidence.md","PARTIAL_REAL_BROWSER_EVIDENCE; full two-user waitlist browser gap remains","See follow-up-findings.md","GL-P0-01","Payment evidence provider-operation conflict"
"E-033","JOIN","FEATURE_GATED","VERIFIED_SOURCE","CLOSED_MAIN","packages/database/src/game-roster-repository.ts; apps/api/src/games/game-routes.ts","game-roster-repository.test.ts; game-routes.test.ts; game-create-recovery-postgres.test.ts","Partial physical PG16 evidence in game-create-recovery-postgres.test.ts; see postgres-evidence.md","PARTIAL_REAL_BROWSER_EVIDENCE; full two-user waitlist browser gap remains","Exact-head CI pending; browser create-cancel and two-tab recovery frozen","","Operation poll free join"
"E-034","JOIN","MAIN_PARTIAL","BLOCKED_EXTERNAL_DEPENDENCY","BLOCKED_EXTERNAL","packages/database/src/game-roster-repository.ts; apps/api/src/games/game-routes.ts","game-roster-repository.test.ts; game-routes.test.ts; game-create-recovery-postgres.test.ts","Partial physical PG16 evidence in game-create-recovery-postgres.test.ts; see postgres-evidence.md","PARTIAL_REAL_BROWSER_EVIDENCE; full two-user waitlist browser gap remains","See follow-up-findings.md","GL-P0-01","Operation poll paid reservation convergence"
"E-035","JOIN","MAIN_IMPLEMENTED","VERIFIED_SOURCE","CLOSED_MAIN","packages/database/src/game-roster-repository.ts; apps/api/src/games/game-routes.ts","game-roster-repository.test.ts; game-routes.test.ts; game-create-recovery-postgres.test.ts","Partial physical PG16 evidence in game-create-recovery-postgres.test.ts; see postgres-evidence.md","PARTIAL_REAL_BROWSER_EVIDENCE; full two-user waitlist browser gap remains","Exact-head CI pending; browser create-cancel and two-tab recovery frozen","","Lost response after free join commit"
"E-036","JOIN","MAIN_IMPLEMENTED","VERIFIED_SOURCE","CLOSED_MAIN","packages/database/src/game-roster-repository.ts; apps/api/src/games/game-routes.ts","game-roster-repository.test.ts; game-routes.test.ts; game-create-recovery-postgres.test.ts","Partial physical PG16 evidence in game-create-recovery-postgres.test.ts; see postgres-evidence.md","PARTIAL_REAL_BROWSER_EVIDENCE; full two-user waitlist browser gap remains","Exact-head CI pending; browser create-cancel and two-tab recovery frozen","","Same key different join payload"
"E-037","JOIN","MAIN_PARTIAL","VERIFIED_SOURCE","CLOSED_MAIN","packages/database/src/game-roster-repository.ts; apps/api/src/games/game-routes.ts","game-roster-repository.test.ts; game-routes.test.ts; game-create-recovery-postgres.test.ts","Partial physical PG16 evidence in game-create-recovery-postgres.test.ts; see postgres-evidence.md","PARTIAL_REAL_BROWSER_EVIDENCE; full two-user waitlist browser gap remains","Exact-head CI pending; browser create-cancel and two-tab recovery frozen","","Projection lag after join"
"E-038","JOIN","FEATURE_GATED","VERIFIED_SOURCE","CLOSED_MAIN","packages/database/src/game-roster-repository.ts; apps/api/src/games/game-routes.ts","game-roster-repository.test.ts; game-routes.test.ts; game-create-recovery-postgres.test.ts","Partial physical PG16 evidence in game-create-recovery-postgres.test.ts; see postgres-evidence.md","PARTIAL_REAL_BROWSER_EVIDENCE; full two-user waitlist browser gap remains","Exact-head CI pending; browser create-cancel and two-tab recovery frozen","","Chat access after active join"
"E-039","JOIN","MAIN_IMPLEMENTED","VERIFIED_SOURCE","CLOSED_MAIN","packages/database/src/game-roster-repository.ts; apps/api/src/games/game-routes.ts","game-roster-repository.test.ts; game-routes.test.ts; game-create-recovery-postgres.test.ts","Partial physical PG16 evidence in game-create-recovery-postgres.test.ts; see postgres-evidence.md","PARTIAL_REAL_BROWSER_EVIDENCE; full two-user waitlist browser gap remains","Exact-head CI pending; browser create-cancel and two-tab recovery frozen","","Reserved player denied chat"
"E-040","JOIN","MAIN_IMPLEMENTED","VERIFIED_SOURCE","CLOSED_MAIN","packages/database/src/game-roster-repository.ts; apps/api/src/games/game-routes.ts","game-roster-repository.test.ts; game-routes.test.ts; game-create-recovery-postgres.test.ts","Partial physical PG16 evidence in game-create-recovery-postgres.test.ts; see postgres-evidence.md","PARTIAL_REAL_BROWSER_EVIDENCE; full two-user waitlist browser gap remains","Exact-head CI pending; browser create-cancel and two-tab recovery frozen","","Games roster repository unavailable"
"F-001","WAITLIST","FEATURE_GATED","VERIFIED_SOURCE","CLOSED_MAIN","packages/database/src/game-roster-repository.ts; apps/api/src/games/game-routes.ts","game-roster-repository.test.ts; game-routes.test.ts; game-create-recovery-postgres.test.ts","Partial physical PG16 evidence in game-create-recovery-postgres.test.ts; see postgres-evidence.md","PARTIAL_REAL_BROWSER_EVIDENCE; full two-user waitlist browser gap remains","Exact-head CI pending; browser create-cancel and two-tab recovery frozen","","Join waitlist when full"
"F-002","WAITLIST","FEATURE_GATED","VERIFIED_SOURCE","CLOSED_MAIN","packages/database/src/game-roster-repository.ts; apps/api/src/games/game-routes.ts","game-roster-repository.test.ts; game-routes.test.ts; game-create-recovery-postgres.test.ts","Partial physical PG16 evidence in game-create-recovery-postgres.test.ts; see postgres-evidence.md","PARTIAL_REAL_BROWSER_EVIDENCE; full two-user waitlist browser gap remains","Exact-head CI pending; browser create-cancel and two-tab recovery frozen","","Join waitlist with free seat"
"F-003","WAITLIST","FEATURE_GATED","VERIFIED_SOURCE","CLOSED_MAIN","packages/database/src/game-roster-repository.ts; apps/api/src/games/game-routes.ts","game-roster-repository.test.ts; game-routes.test.ts; game-create-recovery-postgres.test.ts","Partial physical PG16 evidence in game-create-recovery-postgres.test.ts; see postgres-evidence.md","PARTIAL_REAL_BROWSER_EVIDENCE; full two-user waitlist browser gap remains","Exact-head CI pending; browser create-cancel and two-tab recovery frozen","","Join waitlist disabled"
"F-004","WAITLIST","FEATURE_GATED","VERIFIED_SOURCE","CLOSED_MAIN","packages/database/src/game-roster-repository.ts; apps/api/src/games/game-routes.ts","game-roster-repository.test.ts; game-routes.test.ts; game-create-recovery-postgres.test.ts","Partial physical PG16 evidence in game-create-recovery-postgres.test.ts; see postgres-evidence.md","PARTIAL_REAL_BROWSER_EVIDENCE; full two-user waitlist browser gap remains","Exact-head CI pending; browser create-cancel and two-tab recovery frozen","","Duplicate waitlist join"
"F-005","WAITLIST","FEATURE_GATED","VERIFIED_SOURCE","CLOSED_MAIN","packages/database/src/game-roster-repository.ts; apps/api/src/games/game-routes.ts","game-roster-repository.test.ts; game-routes.test.ts; game-create-recovery-postgres.test.ts","Partial physical PG16 evidence in game-create-recovery-postgres.test.ts; see postgres-evidence.md","PARTIAL_REAL_BROWSER_EVIDENCE; full two-user waitlist browser gap remains","Exact-head CI pending; browser create-cancel and two-tab recovery frozen","","Participant attempts waitlist"
"F-006","WAITLIST","FEATURE_GATED","VERIFIED_SOURCE","CLOSED_MAIN","packages/database/src/game-roster-repository.ts; apps/api/src/games/game-routes.ts","game-roster-repository.test.ts; game-routes.test.ts; game-create-recovery-postgres.test.ts","Partial physical PG16 evidence in game-create-recovery-postgres.test.ts; see postgres-evidence.md","PARTIAL_REAL_BROWSER_EVIDENCE; full two-user waitlist browser gap remains","Exact-head CI pending; browser create-cancel and two-tab recovery frozen","","Reserved player attempts waitlist"
"F-007","WAITLIST","FEATURE_GATED","VERIFIED_SOURCE","CLOSED_MAIN","packages/database/src/game-roster-repository.ts; apps/api/src/games/game-routes.ts","game-roster-repository.test.ts; game-routes.test.ts; game-create-recovery-postgres.test.ts","Partial physical PG16 evidence in game-create-recovery-postgres.test.ts; see postgres-evidence.md","PARTIAL_REAL_BROWSER_EVIDENCE; full two-user waitlist browser gap remains","Exact-head CI pending; browser create-cancel and two-tab recovery frozen","","Leave waitlist"
"F-008","WAITLIST","FEATURE_GATED","VERIFIED_SOURCE","CLOSED_MAIN","packages/database/src/game-roster-repository.ts; apps/api/src/games/game-routes.ts","game-roster-repository.test.ts; game-routes.test.ts; game-create-recovery-postgres.test.ts","Partial physical PG16 evidence in game-create-recovery-postgres.test.ts; see postgres-evidence.md","PARTIAL_REAL_BROWSER_EVIDENCE; full two-user waitlist browser gap remains","Exact-head CI pending; browser create-cancel and two-tab recovery frozen","","Leave waitlist twice"
"F-009","WAITLIST","FEATURE_GATED","VERIFIED_SOURCE","CLOSED_MAIN","packages/database/src/game-roster-repository.ts; apps/api/src/games/game-routes.ts","game-roster-repository.test.ts; game-routes.test.ts; game-create-recovery-postgres.test.ts","Partial physical PG16 evidence in game-create-recovery-postgres.test.ts; see postgres-evidence.md","PARTIAL_REAL_BROWSER_EVIDENCE; full two-user waitlist browser gap remains","Exact-head CI pending; browser create-cancel and two-tab recovery frozen","","Waitlist cancelled game"
"F-010","WAITLIST","MAIN_PARTIAL","VERIFIED_SOURCE","CLOSED_MAIN","packages/database/src/game-roster-repository.ts; apps/api/src/games/game-routes.ts","game-roster-repository.test.ts; game-routes.test.ts; game-create-recovery-postgres.test.ts","Partial physical PG16 evidence in game-create-recovery-postgres.test.ts; see postgres-evidence.md","PARTIAL_REAL_BROWSER_EVIDENCE; full two-user waitlist browser gap remains","Exact-head CI pending; browser create-cancel and two-tab recovery frozen","","Release one seat schedules promotion"
"F-011","WAITLIST","NOT_IMPLEMENTED","VERIFIED_SOURCE","CLOSED_MAIN","packages/database/src/game-roster-repository.ts; apps/api/src/games/game-routes.ts","game-roster-repository.test.ts; game-routes.test.ts; game-create-recovery-postgres.test.ts","Partial physical PG16 evidence in game-create-recovery-postgres.test.ts; see postgres-evidence.md","PARTIAL_REAL_BROWSER_EVIDENCE; full two-user waitlist browser gap remains","Exact-head CI pending; browser create-cancel and two-tab recovery frozen","","Automatic promote first user"
"F-012","WAITLIST","MAIN_PARTIAL","VERIFIED_SOURCE","CLOSED_MAIN","packages/database/src/game-roster-repository.ts; apps/api/src/games/game-routes.ts","game-roster-repository.test.ts; game-routes.test.ts; game-create-recovery-postgres.test.ts","Partial physical PG16 evidence in game-create-recovery-postgres.test.ts; see postgres-evidence.md","PARTIAL_REAL_BROWSER_EVIDENCE; full two-user waitlist browser gap remains","Exact-head CI pending; browser create-cancel and two-tab recovery frozen","","Concurrent leave join promotion"
"F-013","WAITLIST","MAIN_IMPLEMENTED","VERIFIED_SOURCE","CLOSED_MAIN","packages/database/src/game-roster-repository.ts; apps/api/src/games/game-routes.ts","game-roster-repository.test.ts; game-routes.test.ts; game-create-recovery-postgres.test.ts","Partial physical PG16 evidence in game-create-recovery-postgres.test.ts; see postgres-evidence.md","PARTIAL_REAL_BROWSER_EVIDENCE; full two-user waitlist browser gap remains","Exact-head CI pending; browser create-cancel and two-tab recovery frozen","","Promotion rechecks eligibility"
"F-014","WAITLIST","MAIN_PARTIAL","VERIFIED_SOURCE","CLOSED_MAIN","packages/database/src/game-roster-repository.ts; apps/api/src/games/game-routes.ts","game-roster-repository.test.ts; game-routes.test.ts; game-create-recovery-postgres.test.ts","Partial physical PG16 evidence in game-create-recovery-postgres.test.ts; see postgres-evidence.md","PARTIAL_REAL_BROWSER_EVIDENCE; full two-user waitlist browser gap remains","Exact-head CI pending; browser create-cancel and two-tab recovery frozen","","Promotion requires payment reservation"
"F-015","WAITLIST","NOT_IMPLEMENTED","VERIFIED_SOURCE","CLOSED_MAIN","packages/database/src/game-roster-repository.ts; apps/api/src/games/game-routes.ts","game-roster-repository.test.ts; game-routes.test.ts; game-create-recovery-postgres.test.ts","Partial physical PG16 evidence in game-create-recovery-postgres.test.ts; see postgres-evidence.md","PARTIAL_REAL_BROWSER_EVIDENCE; full two-user waitlist browser gap remains","Exact-head CI pending; browser create-cancel and two-tab recovery frozen","","Promotion reservation timeout"
"F-016","WAITLIST","MAIN_PARTIAL","VERIFIED_SOURCE","CLOSED_MAIN","packages/database/src/game-roster-repository.ts; apps/api/src/games/game-routes.ts","game-roster-repository.test.ts; game-routes.test.ts; game-create-recovery-postgres.test.ts","Partial physical PG16 evidence in game-create-recovery-postgres.test.ts; see postgres-evidence.md","PARTIAL_REAL_BROWSER_EVIDENCE; full two-user waitlist browser gap remains","Exact-head CI pending; browser create-cancel and two-tab recovery frozen","","Promotion skips denied candidate to next"
"F-017","WAITLIST","CONTRACT_ONLY","VERIFIED_SOURCE","CLOSED_MAIN","packages/database/src/game-roster-repository.ts; apps/api/src/games/game-routes.ts","game-roster-repository.test.ts; game-routes.test.ts; game-create-recovery-postgres.test.ts","Partial physical PG16 evidence in game-create-recovery-postgres.test.ts; see postgres-evidence.md","PARTIAL_REAL_BROWSER_EVIDENCE; full two-user waitlist browser gap remains","Exact-head CI pending; browser create-cancel and two-tab recovery frozen","","Promotion notification"
"F-018","WAITLIST","MAIN_PARTIAL","VERIFIED_SOURCE","CLOSED_MAIN","packages/database/src/game-roster-repository.ts; apps/api/src/games/game-routes.ts","game-roster-repository.test.ts; game-routes.test.ts; game-create-recovery-postgres.test.ts","Partial physical PG16 evidence in game-create-recovery-postgres.test.ts; see postgres-evidence.md","PARTIAL_REAL_BROWSER_EVIDENCE; full two-user waitlist browser gap remains","Exact-head CI pending; browser create-cancel and two-tab recovery frozen","","Promotion read-model update"
"F-019","WAITLIST","MAIN_PARTIAL","VERIFIED_SOURCE","CLOSED_MAIN","packages/database/src/game-roster-repository.ts; apps/api/src/games/game-routes.ts","game-roster-repository.test.ts; game-routes.test.ts; game-create-recovery-postgres.test.ts","Partial physical PG16 evidence in game-create-recovery-postgres.test.ts; see postgres-evidence.md","PARTIAL_REAL_BROWSER_EVIDENCE; full two-user waitlist browser gap remains","Exact-head CI pending; browser create-cancel and two-tab recovery frozen","","Promotion job idempotency"
"G-001","LEAVE","FEATURE_GATED","VERIFIED_SOURCE","CLOSED_MAIN","packages/database/src/game-roster-repository.ts; apps/api/src/games/game-routes.ts","game-roster-repository.test.ts; game-routes.test.ts; game-create-recovery-postgres.test.ts","Partial physical PG16 evidence in game-create-recovery-postgres.test.ts; see postgres-evidence.md","PARTIAL_REAL_BROWSER_EVIDENCE; full two-user waitlist browser gap remains","Exact-head CI pending; browser create-cancel and two-tab recovery frozen","","Self leave free participant before cutoff"
"G-002","LEAVE","FEATURE_GATED","VERIFIED_SOURCE","CLOSED_MAIN","packages/database/src/game-roster-repository.ts; apps/api/src/games/game-routes.ts","game-roster-repository.test.ts; game-routes.test.ts; game-create-recovery-postgres.test.ts","Partial physical PG16 evidence in game-create-recovery-postgres.test.ts; see postgres-evidence.md","PARTIAL_REAL_BROWSER_EVIDENCE; full two-user waitlist browser gap remains","Exact-head CI pending; browser create-cancel and two-tab recovery frozen","","Self leave after cutoff"
"G-003","LEAVE","FEATURE_GATED","VERIFIED_SOURCE","CLOSED_MAIN","packages/database/src/game-roster-repository.ts; apps/api/src/games/game-routes.ts","game-roster-repository.test.ts; game-routes.test.ts; game-create-recovery-postgres.test.ts","Partial physical PG16 evidence in game-create-recovery-postgres.test.ts; see postgres-evidence.md","PARTIAL_REAL_BROWSER_EVIDENCE; full two-user waitlist browser gap remains","Exact-head CI pending; browser create-cancel and two-tab recovery frozen","","Self leave after start"
"G-004","LEAVE","FEATURE_GATED","VERIFIED_SOURCE","CLOSED_MAIN","packages/database/src/game-roster-repository.ts; apps/api/src/games/game-routes.ts","game-roster-repository.test.ts; game-routes.test.ts; game-create-recovery-postgres.test.ts","Partial physical PG16 evidence in game-create-recovery-postgres.test.ts; see postgres-evidence.md","PARTIAL_REAL_BROWSER_EVIDENCE; full two-user waitlist browser gap remains","Exact-head CI pending; browser create-cancel and two-tab recovery frozen","","Organizer self leave"
"G-005","LEAVE","FEATURE_GATED","VERIFIED_SOURCE","CLOSED_MAIN","packages/database/src/game-roster-repository.ts; apps/api/src/games/game-routes.ts","game-roster-repository.test.ts; game-routes.test.ts; game-create-recovery-postgres.test.ts","Partial physical PG16 evidence in game-create-recovery-postgres.test.ts; see postgres-evidence.md","PARTIAL_REAL_BROWSER_EVIDENCE; full two-user waitlist browser gap remains","Exact-head CI pending; browser create-cancel and two-tab recovery frozen","","Duplicate self leave"
"G-006","LEAVE","FEATURE_GATED","VERIFIED_SOURCE","CLOSED_MAIN","packages/database/src/game-roster-repository.ts; apps/api/src/games/game-routes.ts","game-roster-repository.test.ts; game-routes.test.ts; game-create-recovery-postgres.test.ts","Partial physical PG16 evidence in game-create-recovery-postgres.test.ts; see postgres-evidence.md","PARTIAL_REAL_BROWSER_EVIDENCE; full two-user waitlist browser gap remains","Exact-head CI pending; browser create-cancel and two-tab recovery frozen","","Leave releases local capacity"
"G-007","LEAVE","MAIN_PARTIAL","VERIFIED_SOURCE","CLOSED_MAIN","packages/database/src/game-roster-repository.ts; apps/api/src/games/game-routes.ts","game-roster-repository.test.ts; game-routes.test.ts; game-create-recovery-postgres.test.ts","Partial physical PG16 evidence in game-create-recovery-postgres.test.ts; see postgres-evidence.md","PARTIAL_REAL_BROWSER_EVIDENCE; full two-user waitlist browser gap remains","Exact-head CI pending; browser create-cancel and two-tab recovery frozen","","Leave schedules waitlist promotion"
"G-008","LEAVE","MAIN_PARTIAL","VERIFIED_FAIL_CLOSED","CLOSED_UNSUPPORTED","packages/database/src/game-roster-repository.ts; apps/api/src/games/game-routes.ts","game-roster-repository.test.ts; game-routes.test.ts; game-create-recovery-postgres.test.ts","Partial physical PG16 evidence in game-create-recovery-postgres.test.ts; see postgres-evidence.md","PARTIAL_REAL_BROWSER_EVIDENCE; full two-user waitlist browser gap remains","Separate compensated/provider design required before support","GL-P0-02","Paid participant self leave"
"G-009","LEAVE","MAIN_PARTIAL","VERIFIED_FAIL_CLOSED","CLOSED_UNSUPPORTED","packages/database/src/game-roster-repository.ts; apps/api/src/games/game-routes.ts","game-roster-repository.test.ts; game-routes.test.ts; game-create-recovery-postgres.test.ts","Partial physical PG16 evidence in game-create-recovery-postgres.test.ts; see postgres-evidence.md","PARTIAL_REAL_BROWSER_EVIDENCE; full two-user waitlist browser gap remains","Separate compensated/provider design required before support","GL-P0-02","Subscription participant self leave"
"G-010","LEAVE","NOT_IMPLEMENTED","VERIFIED_FAIL_CLOSED","CLOSED_UNSUPPORTED","packages/database/src/game-roster-repository.ts; apps/api/src/games/game-routes.ts","game-roster-repository.test.ts; game-routes.test.ts; game-create-recovery-postgres.test.ts","Partial physical PG16 evidence in game-create-recovery-postgres.test.ts; see postgres-evidence.md","PARTIAL_REAL_BROWSER_EVIDENCE; full two-user waitlist browser gap remains","Separate compensated/provider design required before support","GL-P0-02","Pending-payment reservation leave"
"G-011","LEAVE","NOT_IMPLEMENTED","VERIFIED_FAIL_CLOSED","CLOSED_UNSUPPORTED","packages/database/src/game-roster-repository.ts; apps/api/src/games/game-routes.ts","game-roster-repository.test.ts; game-routes.test.ts; game-create-recovery-postgres.test.ts","Partial physical PG16 evidence in game-create-recovery-postgres.test.ts; see postgres-evidence.md","PARTIAL_REAL_BROWSER_EVIDENCE; full two-user waitlist browser gap remains","Separate compensated/provider design required before support","GL-P0-02","Ambiguous payment leave"
"G-012","LEAVE","NOT_IMPLEMENTED","VERIFIED_FAIL_CLOSED","CLOSED_UNSUPPORTED","packages/database/src/game-roster-repository.ts; apps/api/src/games/game-routes.ts","game-roster-repository.test.ts; game-routes.test.ts; game-create-recovery-postgres.test.ts","Partial physical PG16 evidence in game-create-recovery-postgres.test.ts; see postgres-evidence.md","PARTIAL_REAL_BROWSER_EVIDENCE; full two-user waitlist browser gap remains","Separate compensated/provider design required before support","GL-P0-02","Partial refund on leave"
"G-013","LEAVE","NOT_IMPLEMENTED","VERIFIED_FAIL_CLOSED","CLOSED_UNSUPPORTED","packages/database/src/game-roster-repository.ts; apps/api/src/games/game-routes.ts","game-roster-repository.test.ts; game-routes.test.ts; game-create-recovery-postgres.test.ts","Partial physical PG16 evidence in game-create-recovery-postgres.test.ts; see postgres-evidence.md","PARTIAL_REAL_BROWSER_EVIDENCE; full two-user waitlist browser gap remains","Separate compensated/provider design required before support","GL-P0-02","Refund forbidden policy"
"G-014","LEAVE","NOT_IMPLEMENTED","VERIFIED_FAIL_CLOSED","CLOSED_UNSUPPORTED","packages/database/src/game-roster-repository.ts; apps/api/src/games/game-routes.ts","game-roster-repository.test.ts; game-routes.test.ts; game-create-recovery-postgres.test.ts","Partial physical PG16 evidence in game-create-recovery-postgres.test.ts; see postgres-evidence.md","PARTIAL_REAL_BROWSER_EVIDENCE; full two-user waitlist browser gap remains","Separate compensated/provider design required before support","GL-P0-02","Entitlement restoration on lk2 leave"
"G-015","LEAVE","NOT_IMPLEMENTED","VERIFIED_FAIL_CLOSED","CLOSED_UNSUPPORTED","packages/database/src/game-roster-repository.ts; apps/api/src/games/game-routes.ts","game-roster-repository.test.ts; game-routes.test.ts; game-create-recovery-postgres.test.ts","Partial physical PG16 evidence in game-create-recovery-postgres.test.ts; see postgres-evidence.md","PARTIAL_REAL_BROWSER_EVIDENCE; full two-user waitlist browser gap remains","Separate compensated/provider design required before support","GL-P0-02","Provider booking cancellation on lk2 leave"
"G-016","LEAVE","MAIN_IMPLEMENTED","VERIFIED_SOURCE","CLOSED_MAIN","packages/database/src/game-roster-repository.ts; apps/api/src/games/game-routes.ts","game-roster-repository.test.ts; game-routes.test.ts; game-create-recovery-postgres.test.ts","Partial physical PG16 evidence in game-create-recovery-postgres.test.ts; see postgres-evidence.md","PARTIAL_REAL_BROWSER_EVIDENCE; full two-user waitlist browser gap remains","Exact-head CI pending; browser create-cancel and two-tab recovery frozen","","Lose HTTP game chat access after leave"
"G-017","LEAVE","MAIN_PARTIAL","VERIFIED_SOURCE","CLOSED_MAIN","packages/database/src/game-roster-repository.ts; apps/api/src/games/game-routes.ts","game-roster-repository.test.ts; game-routes.test.ts; game-create-recovery-postgres.test.ts","Partial physical PG16 evidence in game-create-recovery-postgres.test.ts; see postgres-evidence.md","PARTIAL_REAL_BROWSER_EVIDENCE; full two-user waitlist browser gap remains","Exact-head CI pending; browser create-cancel and two-tab recovery frozen","","Stop GAME realtime fanout after leave main"
"G-018","LEAVE","PENDING_PR","VERIFIED_SOURCE","CLOSED_MAIN","packages/database/src/game-roster-repository.ts; apps/api/src/games/game-routes.ts","game-roster-repository.test.ts; game-routes.test.ts; game-create-recovery-postgres.test.ts","Partial physical PG16 evidence in game-create-recovery-postgres.test.ts; see postgres-evidence.md","PARTIAL_REAL_BROWSER_EVIDENCE; full two-user waitlist browser gap remains","Exact-head CI pending; browser create-cancel and two-tab recovery frozen","","Stop GAME realtime fanout after leave PR #137"
"G-019","LEAVE","CONTRACT_ONLY","VERIFIED_SOURCE","CLOSED_MAIN","packages/database/src/game-roster-repository.ts; apps/api/src/games/game-routes.ts","game-roster-repository.test.ts; game-routes.test.ts; game-create-recovery-postgres.test.ts","Partial physical PG16 evidence in game-create-recovery-postgres.test.ts; see postgres-evidence.md","PARTIAL_REAL_BROWSER_EVIDENCE; full two-user waitlist browser gap remains","Exact-head CI pending; browser create-cancel and two-tab recovery frozen","","Notify remaining players after leave"
"G-020","LEAVE","MAIN_PARTIAL","VERIFIED_SOURCE","CLOSED_MAIN","packages/database/src/game-roster-repository.ts; apps/api/src/games/game-routes.ts","game-roster-repository.test.ts; game-routes.test.ts; game-create-recovery-postgres.test.ts","Partial physical PG16 evidence in game-create-recovery-postgres.test.ts; see postgres-evidence.md","PARTIAL_REAL_BROWSER_EVIDENCE; full two-user waitlist browser gap remains","Exact-head CI pending; browser create-cancel and two-tab recovery frozen","","Concurrent leave and cancel"
"G-021","LEAVE","MAIN_PARTIAL","VERIFIED_SOURCE","CLOSED_MAIN","packages/database/src/game-roster-repository.ts; apps/api/src/games/game-routes.ts","game-roster-repository.test.ts; game-routes.test.ts; game-create-recovery-postgres.test.ts","Partial physical PG16 evidence in game-create-recovery-postgres.test.ts; see postgres-evidence.md","PARTIAL_REAL_BROWSER_EVIDENCE; full two-user waitlist browser gap remains","Exact-head CI pending; browser create-cancel and two-tab recovery frozen","","Concurrent leave and result submit"
"G-022","LEAVE","MAIN_PARTIAL","VERIFIED_SOURCE","CLOSED_MAIN","packages/database/src/game-roster-repository.ts; apps/api/src/games/game-routes.ts","game-roster-repository.test.ts; game-routes.test.ts; game-create-recovery-postgres.test.ts","Partial physical PG16 evidence in game-create-recovery-postgres.test.ts; see postgres-evidence.md","PARTIAL_REAL_BROWSER_EVIDENCE; full two-user waitlist browser gap remains","Exact-head CI pending; browser create-cancel and two-tab recovery frozen","","Leave audit/history"
"G-023","LEAVE","NOT_IMPLEMENTED","VERIFIED_OWNERSHIP","CLOSED_LEGACY_OWNED","packages/database/src/game-roster-repository.ts; apps/api/src/games/game-routes.ts","game-roster-repository.test.ts; game-routes.test.ts; game-create-recovery-postgres.test.ts","Partial physical PG16 evidence in game-create-recovery-postgres.test.ts; see postgres-evidence.md","PARTIAL_REAL_BROWSER_EVIDENCE; full two-user waitlist browser gap remains","See follow-up-findings.md","GL-LEGACY-OWNED","Organizer removes participant in lk2"
"G-024","LEAVE","LEGACY_ACTIVE","VERIFIED_OWNERSHIP","CLOSED_LEGACY_OWNED","packages/database/src/game-roster-repository.ts; apps/api/src/games/game-routes.ts","game-roster-repository.test.ts; game-routes.test.ts; game-create-recovery-postgres.test.ts","Partial physical PG16 evidence in game-create-recovery-postgres.test.ts; see postgres-evidence.md","PARTIAL_REAL_BROWSER_EVIDENCE; full two-user waitlist browser gap remains","See follow-up-findings.md","GL-LEGACY-OWNED","Admin removes participant via ph-admin/LK1"
"G-025","LEAVE","LEGACY_ACTIVE","VERIFIED_OWNERSHIP","CLOSED_LEGACY_OWNED","packages/database/src/game-roster-repository.ts; apps/api/src/games/game-routes.ts","game-roster-repository.test.ts; game-routes.test.ts; game-create-recovery-postgres.test.ts","Partial physical PG16 evidence in game-create-recovery-postgres.test.ts; see postgres-evidence.md","PARTIAL_REAL_BROWSER_EVIDENCE; full two-user waitlist browser gap remains","See follow-up-findings.md","GL-LEGACY-OWNED","Staff removal RETURN_VISIT"
"G-026","LEAVE","LEGACY_ACTIVE","VERIFIED_OWNERSHIP","CLOSED_LEGACY_OWNED","packages/database/src/game-roster-repository.ts; apps/api/src/games/game-routes.ts","game-roster-repository.test.ts; game-routes.test.ts; game-create-recovery-postgres.test.ts","Partial physical PG16 evidence in game-create-recovery-postgres.test.ts; see postgres-evidence.md","PARTIAL_REAL_BROWSER_EVIDENCE; full two-user waitlist browser gap remains","See follow-up-findings.md","GL-LEGACY-OWNED","Staff removal NO_RETURN"
"G-027","LEAVE","LEGACY_ACTIVE","VERIFIED_OWNERSHIP","CLOSED_LEGACY_OWNED","packages/database/src/game-roster-repository.ts; apps/api/src/games/game-routes.ts","game-roster-repository.test.ts; game-routes.test.ts; game-create-recovery-postgres.test.ts","Partial physical PG16 evidence in game-create-recovery-postgres.test.ts; see postgres-evidence.md","PARTIAL_REAL_BROWSER_EVIDENCE; full two-user waitlist browser gap remains","See follow-up-findings.md","GL-LEGACY-OWNED","Staff removal stale membership generation"
"G-028","LEAVE","LEGACY_ACTIVE","VERIFIED_OWNERSHIP","CLOSED_LEGACY_OWNED","packages/database/src/game-roster-repository.ts; apps/api/src/games/game-routes.ts","game-roster-repository.test.ts; game-routes.test.ts; game-create-recovery-postgres.test.ts","Partial physical PG16 evidence in game-create-recovery-postgres.test.ts; see postgres-evidence.md","PARTIAL_REAL_BROWSER_EVIDENCE; full two-user waitlist browser gap remains","See follow-up-findings.md","GL-LEGACY-OWNED","Staff removal provider ambiguous recovery"
"G-029","LEAVE","NOT_IMPLEMENTED","VERIFIED_SOURCE","CLOSED_MAIN","packages/database/src/game-roster-repository.ts; apps/api/src/games/game-routes.ts","game-roster-repository.test.ts; game-routes.test.ts; game-create-recovery-postgres.test.ts","Partial physical PG16 evidence in game-create-recovery-postgres.test.ts; see postgres-evidence.md","PARTIAL_REAL_BROWSER_EVIDENCE; full two-user waitlist browser gap remains","Exact-head CI pending; browser create-cancel and two-tab recovery frozen","","System removes expired reservation"
"H-001","CANCEL","CONTRACT_ONLY","VERIFIED_SOURCE","CLOSED_MAIN","packages/database/src/game-repository.ts; apps/api/src/games/game-routes.ts","game-repository.test.ts; game-routes.test.ts; GamesPage.test.tsx","NOT_APPLICABLE_OR_NOT_RUN","PARTIAL_REAL_BROWSER_EVIDENCE; full two-user waitlist browser gap remains","Exact-head CI pending; browser create-cancel and two-tab recovery frozen","","Organizer free cancel frozen main"
"H-002","CANCEL","PENDING_PR","VERIFIED_SOURCE","CLOSED_MAIN","packages/database/src/game-repository.ts; apps/api/src/games/game-routes.ts","game-repository.test.ts; game-routes.test.ts; GamesPage.test.tsx","NOT_APPLICABLE_OR_NOT_RUN","PARTIAL_REAL_BROWSER_EVIDENCE; full two-user waitlist browser gap remains","Exact-head CI pending; browser create-cancel and two-tab recovery frozen","","Organizer free cancel PR #135"
"H-003","CANCEL","PENDING_PR","VERIFIED_SOURCE","CLOSED_MAIN","packages/database/src/game-repository.ts; apps/api/src/games/game-routes.ts","game-repository.test.ts; game-routes.test.ts; GamesPage.test.tsx","NOT_APPLICABLE_OR_NOT_RUN","PARTIAL_REAL_BROWSER_EVIDENCE; full two-user waitlist browser gap remains","Exact-head CI pending; browser create-cancel and two-tab recovery frozen","","Non-organizer free cancel PR #135"
"H-004","CANCEL","PENDING_PR","VERIFIED_SOURCE","CLOSED_MAIN","packages/database/src/game-repository.ts; apps/api/src/games/game-routes.ts","game-repository.test.ts; game-routes.test.ts; GamesPage.test.tsx","NOT_APPLICABLE_OR_NOT_RUN","PARTIAL_REAL_BROWSER_EVIDENCE; full two-user waitlist browser gap remains","Exact-head CI pending; browser create-cancel and two-tab recovery frozen","","Repeat free cancel same key PR #135"
"H-005","CANCEL","PENDING_PR","VERIFIED_SOURCE","CLOSED_MAIN","packages/database/src/game-repository.ts; apps/api/src/games/game-routes.ts","game-repository.test.ts; game-routes.test.ts; GamesPage.test.tsx","NOT_APPLICABLE_OR_NOT_RUN","PARTIAL_REAL_BROWSER_EVIDENCE; full two-user waitlist browser gap remains","Exact-head CI pending; browser create-cancel and two-tab recovery frozen","","Free cancel stale/replayed result PR #135"
"H-006","CANCEL","PENDING_PR","VERIFIED_SOURCE","CLOSED_MAIN","packages/database/src/game-repository.ts; apps/api/src/games/game-routes.ts","game-repository.test.ts; game-routes.test.ts; GamesPage.test.tsx","NOT_APPLICABLE_OR_NOT_RUN","PARTIAL_REAL_BROWSER_EVIDENCE; full two-user waitlist browser gap remains","Exact-head CI pending; browser create-cancel and two-tab recovery frozen","","Cancel paid game PR #135"
"H-007","CANCEL","NOT_IMPLEMENTED","VERIFIED_SOURCE","CLOSED_MAIN","packages/database/src/game-repository.ts; apps/api/src/games/game-routes.ts","game-repository.test.ts; game-routes.test.ts; GamesPage.test.tsx","NOT_APPLICABLE_OR_NOT_RUN","PARTIAL_REAL_BROWSER_EVIDENCE; full two-user waitlist browser gap remains","Exact-head CI pending; browser create-cancel and two-tab recovery frozen","","Admin cancel in lk2"
"H-008","CANCEL","NOT_IMPLEMENTED","VERIFIED_SOURCE","CLOSED_MAIN","packages/database/src/game-repository.ts; apps/api/src/games/game-routes.ts","game-repository.test.ts; game-routes.test.ts; GamesPage.test.tsx","NOT_APPLICABLE_OR_NOT_RUN","PARTIAL_REAL_BROWSER_EVIDENCE; full two-user waitlist browser gap remains","Exact-head CI pending; browser create-cancel and two-tab recovery frozen","","System cancel no-show/court failure"
"H-009","CANCEL","NOT_IMPLEMENTED","VERIFIED_SOURCE","CLOSED_MAIN","packages/database/src/game-repository.ts; apps/api/src/games/game-routes.ts","game-repository.test.ts; game-routes.test.ts; GamesPage.test.tsx","NOT_APPLICABLE_OR_NOT_RUN","PARTIAL_REAL_BROWSER_EVIDENCE; full two-user waitlist browser gap remains","Exact-head CI pending; browser create-cancel and two-tab recovery frozen","","Hard delete game"
"H-010","CANCEL","NOT_IMPLEMENTED","VERIFIED_SOURCE","CLOSED_MAIN","packages/database/src/game-repository.ts; apps/api/src/games/game-routes.ts","game-repository.test.ts; game-routes.test.ts; GamesPage.test.tsx","NOT_APPLICABLE_OR_NOT_RUN","PARTIAL_REAL_BROWSER_EVIDENCE; full two-user waitlist browser gap remains","Exact-head CI pending; browser create-cancel and two-tab recovery frozen","","Soft delete game"
"H-011","CANCEL","NOT_IMPLEMENTED","VERIFIED_SOURCE","CLOSED_MAIN","packages/database/src/game-repository.ts; apps/api/src/games/game-routes.ts","game-repository.test.ts; game-routes.test.ts; GamesPage.test.tsx","NOT_APPLICABLE_OR_NOT_RUN","PARTIAL_REAL_BROWSER_EVIDENCE; full two-user waitlist browser gap remains","Exact-head CI pending; browser create-cancel and two-tab recovery frozen","","Draft discard"
"H-012","CANCEL","NOT_IMPLEMENTED","VERIFIED_SOURCE","CLOSED_MAIN","packages/database/src/game-repository.ts; apps/api/src/games/game-routes.ts","game-repository.test.ts; game-routes.test.ts; GamesPage.test.tsx","NOT_APPLICABLE_OR_NOT_RUN","PARTIAL_REAL_BROWSER_EVIDENCE; full two-user waitlist browser gap remains","Exact-head CI pending; browser create-cancel and two-tab recovery frozen","","Unpublish game in lk2"
"H-013","CANCEL","NOT_IMPLEMENTED","VERIFIED_SOURCE","CLOSED_MAIN","packages/database/src/game-repository.ts; apps/api/src/games/game-routes.ts","game-repository.test.ts; game-routes.test.ts; GamesPage.test.tsx","NOT_APPLICABLE_OR_NOT_RUN","PARTIAL_REAL_BROWSER_EVIDENCE; full two-user waitlist browser gap remains","Exact-head CI pending; browser create-cancel and two-tab recovery frozen","","Archive game in lk2"
"H-014","CANCEL","NOT_IMPLEMENTED","VERIFIED_FAIL_CLOSED","CLOSED_UNSUPPORTED","packages/database/src/game-repository.ts; apps/api/src/games/game-routes.ts","game-repository.test.ts; game-routes.test.ts; GamesPage.test.tsx","NOT_APPLICABLE_OR_NOT_RUN","PARTIAL_REAL_BROWSER_EVIDENCE; full two-user waitlist browser gap remains","Separate compensated/provider design required before support","GL-P0-03","Cancel active provider booking"
"H-015","CANCEL","NOT_IMPLEMENTED","VERIFIED_FAIL_CLOSED","CLOSED_UNSUPPORTED","packages/database/src/game-repository.ts; apps/api/src/games/game-routes.ts","game-repository.test.ts; game-routes.test.ts; GamesPage.test.tsx","NOT_APPLICABLE_OR_NOT_RUN","PARTIAL_REAL_BROWSER_EVIDENCE; full two-user waitlist browser gap remains","Separate compensated/provider design required before support","GL-P0-03","Provider cancellation reject"
"H-016","CANCEL","NOT_IMPLEMENTED","VERIFIED_FAIL_CLOSED","CLOSED_UNSUPPORTED","packages/database/src/game-repository.ts; apps/api/src/games/game-routes.ts","game-repository.test.ts; game-routes.test.ts; GamesPage.test.tsx","NOT_APPLICABLE_OR_NOT_RUN","PARTIAL_REAL_BROWSER_EVIDENCE; full two-user waitlist browser gap remains","Separate compensated/provider design required before support","GL-P0-03","Provider cancellation ambiguous timeout"
"H-017","CANCEL","NOT_IMPLEMENTED","VERIFIED_FAIL_CLOSED","CLOSED_UNSUPPORTED","packages/database/src/game-repository.ts; apps/api/src/games/game-routes.ts","game-repository.test.ts; game-routes.test.ts; GamesPage.test.tsx","NOT_APPLICABLE_OR_NOT_RUN","PARTIAL_REAL_BROWSER_EVIDENCE; full two-user waitlist browser gap remains","Separate compensated/provider design required before support","GL-P0-03","Full refund on cancel"
"H-018","CANCEL","NOT_IMPLEMENTED","VERIFIED_FAIL_CLOSED","CLOSED_UNSUPPORTED","packages/database/src/game-repository.ts; apps/api/src/games/game-routes.ts","game-repository.test.ts; game-routes.test.ts; GamesPage.test.tsx","NOT_APPLICABLE_OR_NOT_RUN","PARTIAL_REAL_BROWSER_EVIDENCE; full two-user waitlist browser gap remains","Separate compensated/provider design required before support","GL-P0-03","Partial refunds on cancel"
"H-019","CANCEL","NOT_IMPLEMENTED","VERIFIED_FAIL_CLOSED","CLOSED_UNSUPPORTED","packages/database/src/game-repository.ts; apps/api/src/games/game-routes.ts","game-repository.test.ts; game-routes.test.ts; GamesPage.test.tsx","NOT_APPLICABLE_OR_NOT_RUN","PARTIAL_REAL_BROWSER_EVIDENCE; full two-user waitlist browser gap remains","Separate compensated/provider design required before support","GL-P0-03","Multiple participant payments cancel"
"H-020","CANCEL","NOT_IMPLEMENTED","VERIFIED_FAIL_CLOSED","CLOSED_UNSUPPORTED","packages/database/src/game-repository.ts; apps/api/src/games/game-routes.ts","game-repository.test.ts; game-routes.test.ts; GamesPage.test.tsx","NOT_APPLICABLE_OR_NOT_RUN","PARTIAL_REAL_BROWSER_EVIDENCE; full two-user waitlist browser gap remains","Separate compensated/provider design required before support","GL-P0-03","Restore entitlements on cancel"
"H-021","CANCEL","PENDING_PR","VERIFIED_SOURCE","CLOSED_MAIN","packages/database/src/game-repository.ts; apps/api/src/games/game-routes.ts","game-repository.test.ts; game-routes.test.ts; GamesPage.test.tsx","NOT_APPLICABLE_OR_NOT_RUN","PARTIAL_REAL_BROWSER_EVIDENCE; full two-user waitlist browser gap remains","Exact-head CI pending; browser create-cancel and two-tab recovery frozen","","Cancel joins concurrently"
"H-022","CANCEL","PENDING_PR","VERIFIED_SOURCE","CLOSED_MAIN","packages/database/src/game-repository.ts; apps/api/src/games/game-routes.ts","game-repository.test.ts; game-routes.test.ts; GamesPage.test.tsx","NOT_APPLICABLE_OR_NOT_RUN","PARTIAL_REAL_BROWSER_EVIDENCE; full two-user waitlist browser gap remains","Exact-head CI pending; browser create-cancel and two-tab recovery frozen","","Cancel vs waitlist promotion"
"H-023","CANCEL","NOT_IMPLEMENTED","VERIFIED_SOURCE","CLOSED_MAIN","packages/database/src/game-repository.ts; apps/api/src/games/game-routes.ts","game-repository.test.ts; game-routes.test.ts; GamesPage.test.tsx","NOT_APPLICABLE_OR_NOT_RUN","PARTIAL_REAL_BROWSER_EVIDENCE; full two-user waitlist browser gap remains","Exact-head CI pending; browser create-cancel and two-tab recovery frozen","","Cancel after start"
"H-024","CANCEL","NOT_IMPLEMENTED","VERIFIED_SOURCE","CLOSED_MAIN","packages/database/src/game-repository.ts; apps/api/src/games/game-routes.ts","game-repository.test.ts; game-routes.test.ts; GamesPage.test.tsx","NOT_APPLICABLE_OR_NOT_RUN","PARTIAL_REAL_BROWSER_EVIDENCE; full two-user waitlist browser gap remains","Exact-head CI pending; browser create-cancel and two-tab recovery frozen","","Cancel after result/rating"
"H-025","CANCEL","PENDING_PR","VERIFIED_SOURCE","CLOSED_MAIN","packages/database/src/game-repository.ts; apps/api/src/games/game-routes.ts","game-repository.test.ts; game-routes.test.ts; GamesPage.test.tsx","NOT_APPLICABLE_OR_NOT_RUN","PARTIAL_REAL_BROWSER_EVIDENCE; full two-user waitlist browser gap remains","Exact-head CI pending; browser create-cancel and two-tab recovery frozen","","Cancel emits outbox in PR #135"
"H-026","CANCEL","CONTRACT_ONLY","REGRESSION_ONLY","DEFERRED_P2_P3","packages/database/src/game-repository.ts; apps/api/src/games/game-routes.ts","game-repository.test.ts; game-routes.test.ts; GamesPage.test.tsx","NOT_APPLICABLE_OR_NOT_RUN","PARTIAL_REAL_BROWSER_EVIDENCE; full two-user waitlist browser gap remains","See follow-up-findings.md","GL-FU-CANCEL-COMMS","Cancel notification"
"H-027","CANCEL","NOT_IMPLEMENTED","REGRESSION_ONLY","DEFERRED_P2_P3","packages/database/src/game-repository.ts; apps/api/src/games/game-routes.ts","game-repository.test.ts; game-routes.test.ts; GamesPage.test.tsx","NOT_APPLICABLE_OR_NOT_RUN","PARTIAL_REAL_BROWSER_EVIDENCE; full two-user waitlist browser gap remains","See follow-up-findings.md","GL-FU-CANCEL-COMMS","Cancel revokes chat"
"H-028","CANCEL","CONTRACT_ONLY","REGRESSION_ONLY","DEFERRED_P2_P3","packages/database/src/game-repository.ts; apps/api/src/games/game-routes.ts","game-repository.test.ts; game-routes.test.ts; GamesPage.test.tsx","NOT_APPLICABLE_OR_NOT_RUN","PARTIAL_REAL_BROWSER_EVIDENCE; full two-user waitlist browser gap remains","See follow-up-findings.md","GL-FU-CANCEL-COMMS","Cancel realtime invalidation"
"H-029","CANCEL","MAIN_PARTIAL","VERIFIED_SOURCE","CLOSED_MAIN","packages/database/src/game-repository.ts; apps/api/src/games/game-routes.ts","game-repository.test.ts; game-routes.test.ts; GamesPage.test.tsx","NOT_APPLICABLE_OR_NOT_RUN","PARTIAL_REAL_BROWSER_EVIDENCE; full two-user waitlist browser gap remains","Exact-head CI pending; browser create-cancel and two-tab recovery frozen","","Cancel card projection/tombstone"
"H-030","CANCEL","NOT_IMPLEMENTED","VERIFIED_SOURCE","CLOSED_MAIN","packages/database/src/game-repository.ts; apps/api/src/games/game-routes.ts","game-repository.test.ts; game-routes.test.ts; GamesPage.test.tsx","NOT_APPLICABLE_OR_NOT_RUN","PARTIAL_REAL_BROWSER_EVIDENCE; full two-user waitlist browser gap remains","Exact-head CI pending; browser create-cancel and two-tab recovery frozen","","Cancel activity history entry"
"H-031","CANCEL","NOT_IMPLEMENTED","VERIFIED_SOURCE","CLOSED_MAIN","packages/database/src/game-repository.ts; apps/api/src/games/game-routes.ts","game-repository.test.ts; game-routes.test.ts; GamesPage.test.tsx","NOT_APPLICABLE_OR_NOT_RUN","PARTIAL_REAL_BROWSER_EVIDENCE; full two-user waitlist browser gap remains","Exact-head CI pending; browser create-cancel and two-tab recovery frozen","","Cancel reconciliation/manual intervention"
"I-001","RESULT","FEATURE_GATED","VERIFIED_SOURCE","CLOSED_MAIN","Current source inspected; domain behavior intentionally unchanged in this wave","Existing regression suite; Local post-merge gate complete; exact-head CI pending","NOT_APPLICABLE_OR_NOT_RUN","PARTIAL_REAL_BROWSER_EVIDENCE; full two-user waitlist browser gap remains","Exact-head CI pending; browser create-cancel and two-tab recovery frozen","","Automatic game start"
"I-002","RESULT","NOT_IMPLEMENTED","VERIFIED_SOURCE","CLOSED_MAIN","Current source inspected; domain behavior intentionally unchanged in this wave","Existing regression suite; Local post-merge gate complete; exact-head CI pending","NOT_APPLICABLE_OR_NOT_RUN","PARTIAL_REAL_BROWSER_EVIDENCE; full two-user waitlist browser gap remains","Exact-head CI pending; browser create-cancel and two-tab recovery frozen","","Manual game start"
"I-003","RESULT","FEATURE_GATED","VERIFIED_SOURCE","CLOSED_MAIN","Current source inspected; domain behavior intentionally unchanged in this wave","Existing regression suite; Local post-merge gate complete; exact-head CI pending","NOT_APPLICABLE_OR_NOT_RUN","PARTIAL_REAL_BROWSER_EVIDENCE; full two-user waitlist browser gap remains","Exact-head CI pending; browser create-cancel and two-tab recovery frozen","","Automatic game finish"
"I-004","RESULT","NOT_IMPLEMENTED","VERIFIED_SOURCE","CLOSED_MAIN","Current source inspected; domain behavior intentionally unchanged in this wave","Existing regression suite; Local post-merge gate complete; exact-head CI pending","NOT_APPLICABLE_OR_NOT_RUN","PARTIAL_REAL_BROWSER_EVIDENCE; full two-user waitlist browser gap remains","Exact-head CI pending; browser create-cancel and two-tab recovery frozen","","Manual game finish"
"I-005","RESULT","FEATURE_GATED","VERIFIED_SOURCE","CLOSED_MAIN","Current source inspected; domain behavior intentionally unchanged in this wave","Existing regression suite; Local post-merge gate complete; exact-head CI pending","NOT_APPLICABLE_OR_NOT_RUN","PARTIAL_REAL_BROWSER_EVIDENCE; full two-user waitlist browser gap remains","Exact-head CI pending; browser create-cancel and two-tab recovery frozen","","Form teams in lk2"
"I-006","RESULT","FEATURE_GATED","VERIFIED_SOURCE","CLOSED_MAIN","Current source inspected; domain behavior intentionally unchanged in this wave","Existing regression suite; Local post-merge gate complete; exact-head CI pending","NOT_APPLICABLE_OR_NOT_RUN","PARTIAL_REAL_BROWSER_EVIDENCE; full two-user waitlist browser gap remains","Exact-head CI pending; browser create-cancel and two-tab recovery frozen","","Change teams in lk2"
"I-007","RESULT","FEATURE_GATED","VERIFIED_SOURCE","CLOSED_MAIN","Current source inspected; domain behavior intentionally unchanged in this wave","Existing regression suite; Local post-merge gate complete; exact-head CI pending","NOT_APPLICABLE_OR_NOT_RUN","PARTIAL_REAL_BROWSER_EVIDENCE; full two-user waitlist browser gap remains","Exact-head CI pending; browser create-cancel and two-tab recovery frozen","","Submit valid four-player result"
"I-008","RESULT","FEATURE_GATED","VERIFIED_SOURCE","CLOSED_MAIN","Current source inspected; domain behavior intentionally unchanged in this wave","Existing regression suite; Local post-merge gate complete; exact-head CI pending","NOT_APPLICABLE_OR_NOT_RUN","PARTIAL_REAL_BROWSER_EVIDENCE; full two-user waitlist browser gap remains","Exact-head CI pending; browser create-cancel and two-tab recovery frozen","","Submit result by nonparticipant"
"I-009","RESULT","FEATURE_GATED","VERIFIED_SOURCE","CLOSED_MAIN","Current source inspected; domain behavior intentionally unchanged in this wave","Existing regression suite; Local post-merge gate complete; exact-head CI pending","NOT_APPLICABLE_OR_NOT_RUN","PARTIAL_REAL_BROWSER_EVIDENCE; full two-user waitlist browser gap remains","Exact-head CI pending; browser create-cancel and two-tab recovery frozen","","Submit result before finish"
"I-010","RESULT","FEATURE_GATED","VERIFIED_SOURCE","CLOSED_MAIN","Current source inspected; domain behavior intentionally unchanged in this wave","Existing regression suite; Local post-merge gate complete; exact-head CI pending","NOT_APPLICABLE_OR_NOT_RUN","PARTIAL_REAL_BROWSER_EVIDENCE; full two-user waitlist browser gap remains","Exact-head CI pending; browser create-cancel and two-tab recovery frozen","","Submit after 48h window"
"I-011","RESULT","FEATURE_GATED","VERIFIED_SOURCE","CLOSED_MAIN","Current source inspected; domain behavior intentionally unchanged in this wave","Existing regression suite; Local post-merge gate complete; exact-head CI pending","NOT_APPLICABLE_OR_NOT_RUN","PARTIAL_REAL_BROWSER_EVIDENCE; full two-user waitlist browser gap remains","Exact-head CI pending; browser create-cancel and two-tab recovery frozen","","Submit roster mismatch"
"I-012","RESULT","MAIN_IMPLEMENTED","VERIFIED_SOURCE","CLOSED_MAIN","Current source inspected; domain behavior intentionally unchanged in this wave","Existing regression suite; Local post-merge gate complete; exact-head CI pending","NOT_APPLICABLE_OR_NOT_RUN","PARTIAL_REAL_BROWSER_EVIDENCE; full two-user waitlist browser gap remains","Exact-head CI pending; browser create-cancel and two-tab recovery frozen","","Duplicate result submit same key"
"I-013","RESULT","FEATURE_GATED","VERIFIED_SOURCE","CLOSED_MAIN","Current source inspected; domain behavior intentionally unchanged in this wave","Existing regression suite; Local post-merge gate complete; exact-head CI pending","NOT_APPLICABLE_OR_NOT_RUN","PARTIAL_REAL_BROWSER_EVIDENCE; full two-user waitlist browser gap remains","Exact-head CI pending; browser create-cancel and two-tab recovery frozen","","Confirm result by another participant"
"I-014","RESULT","FEATURE_GATED","VERIFIED_SOURCE","CLOSED_MAIN","Current source inspected; domain behavior intentionally unchanged in this wave","Existing regression suite; Local post-merge gate complete; exact-head CI pending","NOT_APPLICABLE_OR_NOT_RUN","PARTIAL_REAL_BROWSER_EVIDENCE; full two-user waitlist browser gap remains","Exact-head CI pending; browser create-cancel and two-tab recovery frozen","","Author confirms own result"
"I-015","RESULT","MAIN_PARTIAL","VERIFIED_SOURCE","CLOSED_MAIN","Current source inspected; domain behavior intentionally unchanged in this wave","Existing regression suite; Local post-merge gate complete; exact-head CI pending","NOT_APPLICABLE_OR_NOT_RUN","PARTIAL_REAL_BROWSER_EVIDENCE; full two-user waitlist browser gap remains","Exact-head CI pending; browser create-cancel and two-tab recovery frozen","","Concurrent confirmations"
"I-016","RESULT","FEATURE_GATED","VERIFIED_SOURCE","CLOSED_MAIN","Current source inspected; domain behavior intentionally unchanged in this wave","Existing regression suite; Local post-merge gate complete; exact-head CI pending","NOT_APPLICABLE_OR_NOT_RUN","PARTIAL_REAL_BROWSER_EVIDENCE; full two-user waitlist browser gap remains","Exact-head CI pending; browser create-cancel and two-tab recovery frozen","","Dispute result"
"I-017","RESULT","NOT_IMPLEMENTED","VERIFIED_SOURCE","CLOSED_MAIN","Current source inspected; domain behavior intentionally unchanged in this wave","Existing regression suite; Local post-merge gate complete; exact-head CI pending","NOT_APPLICABLE_OR_NOT_RUN","PARTIAL_REAL_BROWSER_EVIDENCE; full two-user waitlist browser gap remains","Exact-head CI pending; browser create-cancel and two-tab recovery frozen","","Correct/edit result"
"I-018","RESULT","NOT_IMPLEMENTED","VERIFIED_SOURCE","CLOSED_MAIN","Current source inspected; domain behavior intentionally unchanged in this wave","Existing regression suite; Local post-merge gate complete; exact-head CI pending","NOT_APPLICABLE_OR_NOT_RUN","PARTIAL_REAL_BROWSER_EVIDENCE; full two-user waitlist browser gap remains","Exact-head CI pending; browser create-cancel and two-tab recovery frozen","","Revert/void confirmed result"
"I-019","RESULT","FEATURE_GATED","VERIFIED_SOURCE","CLOSED_MAIN","Current source inspected; domain behavior intentionally unchanged in this wave","Existing regression suite; Local post-merge gate complete; exact-head CI pending","NOT_APPLICABLE_OR_NOT_RUN","PARTIAL_REAL_BROWSER_EVIDENCE; full two-user waitlist browser gap remains","Exact-head CI pending; browser create-cancel and two-tab recovery frozen","","Confirmed result card projection"
"I-020","RESULT","FEATURE_GATED","VERIFIED_SOURCE","CLOSED_MAIN","Current source inspected; domain behavior intentionally unchanged in this wave","Existing regression suite; Local post-merge gate complete; exact-head CI pending","NOT_APPLICABLE_OR_NOT_RUN","PARTIAL_REAL_BROWSER_EVIDENCE; full two-user waitlist browser gap remains","Exact-head CI pending; browser create-cancel and two-tab recovery frozen","","Confirmed result activity history"
"I-021","RESULT","FEATURE_GATED","VERIFIED_SOURCE","CLOSED_MAIN","Current source inspected; domain behavior intentionally unchanged in this wave","Existing regression suite; Local post-merge gate complete; exact-head CI pending","NOT_APPLICABLE_OR_NOT_RUN","PARTIAL_REAL_BROWSER_EVIDENCE; full two-user waitlist browser gap remains","Exact-head CI pending; browser create-cancel and two-tab recovery frozen","","Confirmed result player set facts"
"I-022","RESULT","FEATURE_GATED","VERIFIED_SOURCE","CLOSED_MAIN","Current source inspected; domain behavior intentionally unchanged in this wave","Existing regression suite; Local post-merge gate complete; exact-head CI pending","NOT_APPLICABLE_OR_NOT_RUN","PARTIAL_REAL_BROWSER_EVIDENCE; full two-user waitlist browser gap remains","Exact-head CI pending; browser create-cancel and two-tab recovery frozen","","CUP rating apply consumer disabled"
"I-023","RESULT","MAIN_IMPLEMENTED","VERIFIED_SOURCE","CLOSED_MAIN","Current source inspected; domain behavior intentionally unchanged in this wave","Existing regression suite; Local post-merge gate complete; exact-head CI pending","NOT_APPLICABLE_OR_NOT_RUN","PARTIAL_REAL_BROWSER_EVIDENCE; full two-user waitlist browser gap remains","Exact-head CI pending; browser create-cancel and two-tab recovery frozen","","CUP rating duplicate response"
"I-024","RESULT","MAIN_PARTIAL","VERIFIED_SOURCE","CLOSED_MAIN","Current source inspected; domain behavior intentionally unchanged in this wave","Existing regression suite; Local post-merge gate complete; exact-head CI pending","NOT_APPLICABLE_OR_NOT_RUN","PARTIAL_REAL_BROWSER_EVIDENCE; full two-user waitlist browser gap remains","Exact-head CI pending; browser create-cancel and two-tab recovery frozen","","CUP rating ambiguous timeout reconcile"
"I-025","RESULT","MAIN_IMPLEMENTED","VERIFIED_SOURCE","CLOSED_MAIN","Current source inspected; domain behavior intentionally unchanged in this wave","Existing regression suite; Local post-merge gate complete; exact-head CI pending","NOT_APPLICABLE_OR_NOT_RUN","PARTIAL_REAL_BROWSER_EVIDENCE; full two-user waitlist browser gap remains","Exact-head CI pending; browser create-cancel and two-tab recovery frozen","","Duplicate confirmed event to local projector"
"I-026","RESULT","FEATURE_GATED","VERIFIED_SOURCE","CLOSED_MAIN","Current source inspected; domain behavior intentionally unchanged in this wave","Existing regression suite; Local post-merge gate complete; exact-head CI pending","NOT_APPLICABLE_OR_NOT_RUN","PARTIAL_REAL_BROWSER_EVIDENCE; full two-user waitlist browser gap remains","Exact-head CI pending; browser create-cancel and two-tab recovery frozen","","Leave after start/result"
"I-027","RESULT","NOT_IMPLEMENTED","VERIFIED_SOURCE","CLOSED_MAIN","Current source inspected; domain behavior intentionally unchanged in this wave","Existing regression suite; Local post-merge gate complete; exact-head CI pending","NOT_APPLICABLE_OR_NOT_RUN","PARTIAL_REAL_BROWSER_EVIDENCE; full two-user waitlist browser gap remains","Exact-head CI pending; browser create-cancel and two-tab recovery frozen","","Cancel after rating mutation"
"I-028","RESULT","MAIN_PARTIAL","VERIFIED_SOURCE","CLOSED_MAIN","Current source inspected; domain behavior intentionally unchanged in this wave","Existing regression suite; Local post-merge gate complete; exact-head CI pending","NOT_APPLICABLE_OR_NOT_RUN","PARTIAL_REAL_BROWSER_EVIDENCE; full two-user waitlist browser gap remains","Exact-head CI pending; browser create-cancel and two-tab recovery frozen","","Recommendations consume updated history"
"I-029","RESULT","MAIN_IMPLEMENTED","VERIFIED_SOURCE","CLOSED_MAIN","Current source inspected; domain behavior intentionally unchanged in this wave","Existing regression suite; Local post-merge gate complete; exact-head CI pending","NOT_APPLICABLE_OR_NOT_RUN","PARTIAL_REAL_BROWSER_EVIDENCE; full two-user waitlist browser gap remains","Exact-head CI pending; browser create-cancel and two-tab recovery frozen","","Games result repository unavailable"
"J-001","CHAT","FEATURE_GATED","REGRESSION_ONLY","DEFERRED_P2_P3","Current source inspected; domain behavior intentionally unchanged in this wave","Existing regression suite; Local post-merge gate complete; exact-head CI pending","NOT_APPLICABLE_OR_NOT_RUN","PARTIAL_REAL_BROWSER_EVIDENCE; full two-user waitlist browser gap remains","See follow-up-findings.md","GL-FU-COMMS","Active participant lazily creates game chat"
"J-002","CHAT","MAIN_IMPLEMENTED","REGRESSION_ONLY","DEFERRED_P2_P3","Current source inspected; domain behavior intentionally unchanged in this wave","Existing regression suite; Local post-merge gate complete; exact-head CI pending","NOT_APPLICABLE_OR_NOT_RUN","PARTIAL_REAL_BROWSER_EVIDENCE; full two-user waitlist browser gap remains","See follow-up-findings.md","GL-FU-COMMS","Waitlisted user opens chat"
"J-003","CHAT","MAIN_IMPLEMENTED","REGRESSION_ONLY","DEFERRED_P2_P3","Current source inspected; domain behavior intentionally unchanged in this wave","Existing regression suite; Local post-merge gate complete; exact-head CI pending","NOT_APPLICABLE_OR_NOT_RUN","PARTIAL_REAL_BROWSER_EVIDENCE; full two-user waitlist browser gap remains","See follow-up-findings.md","GL-FU-COMMS","Reserved user opens chat"
"J-004","CHAT","FEATURE_GATED","REGRESSION_ONLY","DEFERRED_P2_P3","Current source inspected; domain behavior intentionally unchanged in this wave","Existing regression suite; Local post-merge gate complete; exact-head CI pending","NOT_APPLICABLE_OR_NOT_RUN","PARTIAL_REAL_BROWSER_EVIDENCE; full two-user waitlist browser gap remains","See follow-up-findings.md","GL-FU-COMMS","Active participant lists game chat"
"J-005","CHAT","FEATURE_GATED","REGRESSION_ONLY","DEFERRED_P2_P3","Current source inspected; domain behavior intentionally unchanged in this wave","Existing regression suite; Local post-merge gate complete; exact-head CI pending","NOT_APPLICABLE_OR_NOT_RUN","PARTIAL_REAL_BROWSER_EVIDENCE; full two-user waitlist browser gap remains","See follow-up-findings.md","GL-FU-COMMS","Send game chat message over HTTP"
"J-006","CHAT","MAIN_PARTIAL","REGRESSION_ONLY","DEFERRED_P2_P3","Current source inspected; domain behavior intentionally unchanged in this wave","Existing regression suite; Local post-merge gate complete; exact-head CI pending","NOT_APPLICABLE_OR_NOT_RUN","PARTIAL_REAL_BROWSER_EVIDENCE; full two-user waitlist browser gap remains","See follow-up-findings.md","GL-FU-COMMS","Duplicate message same idempotency in main"
"J-007","CHAT","MAIN_PARTIAL","REGRESSION_ONLY","DEFERRED_P2_P3","Current source inspected; domain behavior intentionally unchanged in this wave","Existing regression suite; Local post-merge gate complete; exact-head CI pending","NOT_APPLICABLE_OR_NOT_RUN","PARTIAL_REAL_BROWSER_EVIDENCE; full two-user waitlist browser gap remains","See follow-up-findings.md","GL-FU-COMMS","Cross-conversation clientMessageId collision main"
"J-008","CHAT","PENDING_PR","REGRESSION_ONLY","DEFERRED_P2_P3","Current source inspected; domain behavior intentionally unchanged in this wave","Existing regression suite; Local post-merge gate complete; exact-head CI pending","NOT_APPLICABLE_OR_NOT_RUN","PARTIAL_REAL_BROWSER_EVIDENCE; full two-user waitlist browser gap remains","See follow-up-findings.md","GL-FU-COMMS","Concurrent message idempotency PR #137"
"J-009","CHAT","MAIN_PARTIAL","REGRESSION_ONLY","DEFERRED_P2_P3","Current source inspected; domain behavior intentionally unchanged in this wave","Existing regression suite; Local post-merge gate complete; exact-head CI pending","NOT_APPLICABLE_OR_NOT_RUN","PARTIAL_REAL_BROWSER_EVIDENCE; full two-user waitlist browser gap remains","See follow-up-findings.md","GL-FU-COMMS","GAME realtime connect main"
"J-010","CHAT","PENDING_PR","REGRESSION_ONLY","DEFERRED_P2_P3","Current source inspected; domain behavior intentionally unchanged in this wave","Existing regression suite; Local post-merge gate complete; exact-head CI pending","NOT_APPLICABLE_OR_NOT_RUN","PARTIAL_REAL_BROWSER_EVIDENCE; full two-user waitlist browser gap remains","See follow-up-findings.md","GL-FU-COMMS","GAME realtime subscribe/fanout PR #137"
"J-011","CHAT","PENDING_PR","REGRESSION_ONLY","DEFERRED_P2_P3","Current source inspected; domain behavior intentionally unchanged in this wave","Existing regression suite; Local post-merge gate complete; exact-head CI pending","NOT_APPLICABLE_OR_NOT_RUN","PARTIAL_REAL_BROWSER_EVIDENCE; full two-user waitlist browser gap remains","See follow-up-findings.md","GL-FU-COMMS","Reconnect and catch up PR #137"
"J-012","CHAT","MAIN_IMPLEMENTED","REGRESSION_ONLY","DEFERRED_P2_P3","Current source inspected; domain behavior intentionally unchanged in this wave","Existing regression suite; Local post-merge gate complete; exact-head CI pending","NOT_APPLICABLE_OR_NOT_RUN","PARTIAL_REAL_BROWSER_EVIDENCE; full two-user waitlist browser gap remains","See follow-up-findings.md","GL-FU-COMMS","Leave revokes send/list access"
"J-013","CHAT","MAIN_PARTIAL","REGRESSION_ONLY","DEFERRED_P2_P3","Current source inspected; domain behavior intentionally unchanged in this wave","Existing regression suite; Local post-merge gate complete; exact-head CI pending","NOT_APPLICABLE_OR_NOT_RUN","PARTIAL_REAL_BROWSER_EVIDENCE; full two-user waitlist browser gap remains","See follow-up-findings.md","GL-FU-COMMS","Cancel revokes chat access"
"J-014","CHAT","LEGACY_ACTIVE","REGRESSION_ONLY","DEFERRED_P2_P3","Current source inspected; domain behavior intentionally unchanged in this wave","Existing regression suite; Local post-merge gate complete; exact-head CI pending","NOT_APPLICABLE_OR_NOT_RUN","PARTIAL_REAL_BROWSER_EVIDENCE; full two-user waitlist browser gap remains","See follow-up-findings.md","GL-FU-COMMS","Admin sends legacy Mongo game chat"
"J-015","CHAT","MAIN_IMPLEMENTED","REGRESSION_ONLY","DEFERRED_P2_P3","Current source inspected; domain behavior intentionally unchanged in this wave","Existing regression suite; Local post-merge gate complete; exact-head CI pending","NOT_APPLICABLE_OR_NOT_RUN","PARTIAL_REAL_BROWSER_EVIDENCE; full two-user waitlist browser gap remains","See follow-up-findings.md","GL-FU-COMMS","Messaging store unavailable"
"J-016","CHAT","MAIN_IMPLEMENTED","REGRESSION_ONLY","DEFERRED_P2_P3","Current source inspected; domain behavior intentionally unchanged in this wave","Existing regression suite; Local post-merge gate complete; exact-head CI pending","NOT_APPLICABLE_OR_NOT_RUN","PARTIAL_REAL_BROWSER_EVIDENCE; full two-user waitlist browser gap remains","See follow-up-findings.md","GL-FU-COMMS","Contextual Game messaging disabled"
"K-001","RECOVERY","MAIN_IMPLEMENTED","VERIFIED_SOURCE","CLOSED_MAIN","packages/database/src/game-repository.ts; packages/database/src/game-roster-repository.ts; apps/worker/src/game-lifecycle-process-manager.ts","game-create-recovery-postgres.test.ts; game-lifecycle-process-manager.test.ts","Partial physical PG16 evidence in game-create-recovery-postgres.test.ts; see postgres-evidence.md","PARTIAL_REAL_BROWSER_EVIDENCE; full two-user waitlist browser gap remains","Exact-head CI pending; browser create-cancel and two-tab recovery frozen","","Duplicate local roster command same payload"
"K-002","RECOVERY","MAIN_IMPLEMENTED","VERIFIED_SOURCE","CLOSED_MAIN","packages/database/src/game-repository.ts; packages/database/src/game-roster-repository.ts; apps/worker/src/game-lifecycle-process-manager.ts","game-create-recovery-postgres.test.ts; game-lifecycle-process-manager.test.ts","Partial physical PG16 evidence in game-create-recovery-postgres.test.ts; see postgres-evidence.md","PARTIAL_REAL_BROWSER_EVIDENCE; full two-user waitlist browser gap remains","Exact-head CI pending; browser create-cancel and two-tab recovery frozen","","Reused local roster key different payload"
"K-003","RECOVERY","MAIN_IMPLEMENTED","VERIFIED_SOURCE","CLOSED_MAIN","packages/database/src/game-repository.ts; packages/database/src/game-roster-repository.ts; apps/worker/src/game-lifecycle-process-manager.ts","game-create-recovery-postgres.test.ts; game-lifecycle-process-manager.test.ts","Partial physical PG16 evidence in game-create-recovery-postgres.test.ts; see postgres-evidence.md","PARTIAL_REAL_BROWSER_EVIDENCE; full two-user waitlist browser gap remains","Exact-head CI pending; browser create-cancel and two-tab recovery frozen","","Lost HTTP response after local commit"
"K-004","RECOVERY","MAIN_IMPLEMENTED","VERIFIED_SOURCE","CLOSED_MAIN","packages/database/src/game-repository.ts; packages/database/src/game-roster-repository.ts; apps/worker/src/game-lifecycle-process-manager.ts","game-create-recovery-postgres.test.ts; game-lifecycle-process-manager.test.ts","Partial physical PG16 evidence in game-create-recovery-postgres.test.ts; see postgres-evidence.md","PARTIAL_REAL_BROWSER_EVIDENCE; full two-user waitlist browser gap remains","Exact-head CI pending; browser create-cancel and two-tab recovery frozen","","Stale expected revision"
"K-005","RECOVERY","MAIN_IMPLEMENTED","VERIFIED_SOURCE","CLOSED_MAIN","packages/database/src/game-repository.ts; packages/database/src/game-roster-repository.ts; apps/worker/src/game-lifecycle-process-manager.ts","game-create-recovery-postgres.test.ts; game-lifecycle-process-manager.test.ts","Partial physical PG16 evidence in game-create-recovery-postgres.test.ts; see postgres-evidence.md","PARTIAL_REAL_BROWSER_EVIDENCE; full two-user waitlist browser gap remains","Exact-head CI pending; browser create-cancel and two-tab recovery frozen","","Same-user concurrent roster commands"
"K-006","RECOVERY","MAIN_IMPLEMENTED","VERIFIED_SOURCE","CLOSED_MAIN","packages/database/src/game-repository.ts; packages/database/src/game-roster-repository.ts; apps/worker/src/game-lifecycle-process-manager.ts","game-create-recovery-postgres.test.ts; game-lifecycle-process-manager.test.ts","Partial physical PG16 evidence in game-create-recovery-postgres.test.ts; see postgres-evidence.md","PARTIAL_REAL_BROWSER_EVIDENCE; full two-user waitlist browser gap remains","Exact-head CI pending; browser create-cancel and two-tab recovery frozen","","Different-user last-seat race"
"K-007","RECOVERY","MAIN_IMPLEMENTED","VERIFIED_SOURCE","CLOSED_MAIN","packages/database/src/game-repository.ts; packages/database/src/game-roster-repository.ts; apps/worker/src/game-lifecycle-process-manager.ts","game-create-recovery-postgres.test.ts; game-lifecycle-process-manager.test.ts","Partial physical PG16 evidence in game-create-recovery-postgres.test.ts; see postgres-evidence.md","PARTIAL_REAL_BROWSER_EVIDENCE; full two-user waitlist browser gap remains","Exact-head CI pending; browser create-cancel and two-tab recovery frozen","","Transaction rollback before commit"
"K-008","RECOVERY","MAIN_IMPLEMENTED","VERIFIED_SOURCE","CLOSED_MAIN","packages/database/src/game-repository.ts; packages/database/src/game-roster-repository.ts; apps/worker/src/game-lifecycle-process-manager.ts","game-create-recovery-postgres.test.ts; game-lifecycle-process-manager.test.ts","Partial physical PG16 evidence in game-create-recovery-postgres.test.ts; see postgres-evidence.md","PARTIAL_REAL_BROWSER_EVIDENCE; full two-user waitlist browser gap remains","Exact-head CI pending; browser create-cancel and two-tab recovery frozen","","Process crash after commit before response"
"K-009","RECOVERY","MAIN_IMPLEMENTED","VERIFIED_SOURCE","CLOSED_MAIN","packages/database/src/game-repository.ts; packages/database/src/game-roster-repository.ts; apps/worker/src/game-lifecycle-process-manager.ts","game-create-recovery-postgres.test.ts; game-lifecycle-process-manager.test.ts","Partial physical PG16 evidence in game-create-recovery-postgres.test.ts; see postgres-evidence.md","PARTIAL_REAL_BROWSER_EVIDENCE; full two-user waitlist browser gap remains","Exact-head CI pending; browser create-cancel and two-tab recovery frozen","","Outbox publish lease/retry"
"K-010","RECOVERY","MAIN_IMPLEMENTED","VERIFIED_SOURCE","CLOSED_MAIN","packages/database/src/game-repository.ts; packages/database/src/game-roster-repository.ts; apps/worker/src/game-lifecycle-process-manager.ts","game-create-recovery-postgres.test.ts; game-lifecycle-process-manager.test.ts","Partial physical PG16 evidence in game-create-recovery-postgres.test.ts; see postgres-evidence.md","PARTIAL_REAL_BROWSER_EVIDENCE; full two-user waitlist browser gap remains","Exact-head CI pending; browser create-cancel and two-tab recovery frozen","","Duplicate game event delivery"
"K-011","RECOVERY","MAIN_IMPLEMENTED","VERIFIED_SOURCE","CLOSED_MAIN","packages/database/src/game-repository.ts; packages/database/src/game-roster-repository.ts; apps/worker/src/game-lifecycle-process-manager.ts","game-create-recovery-postgres.test.ts; game-lifecycle-process-manager.test.ts","Partial physical PG16 evidence in game-create-recovery-postgres.test.ts; see postgres-evidence.md","PARTIAL_REAL_BROWSER_EVIDENCE; full two-user waitlist browser gap remains","Exact-head CI pending; browser create-cancel and two-tab recovery frozen","","Card projector delivery limit/DLX"
"K-012","RECOVERY","MAIN_IMPLEMENTED","VERIFIED_SOURCE","CLOSED_MAIN","packages/database/src/game-repository.ts; packages/database/src/game-roster-repository.ts; apps/worker/src/game-lifecycle-process-manager.ts","game-create-recovery-postgres.test.ts; game-lifecycle-process-manager.test.ts","Partial physical PG16 evidence in game-create-recovery-postgres.test.ts; see postgres-evidence.md","PARTIAL_REAL_BROWSER_EVIDENCE; full two-user waitlist browser gap remains","Exact-head CI pending; browser create-cancel and two-tab recovery frozen","","Lifecycle command lease recovery"
"K-013","RECOVERY","NOT_IMPLEMENTED","BLOCKED_SAFE_MODEL","BLOCKED_PRODUCT_DECISION","packages/database/src/game-repository.ts; packages/database/src/game-roster-repository.ts; apps/worker/src/game-lifecycle-process-manager.ts","game-create-recovery-postgres.test.ts; game-lifecycle-process-manager.test.ts","Partial physical PG16 evidence in game-create-recovery-postgres.test.ts; see postgres-evidence.md","PARTIAL_REAL_BROWSER_EVIDENCE; full two-user waitlist browser gap remains","See follow-up-findings.md","GL-BLOCK-RESERVATION-EXPIRY","Reservation expiry worker recovery"
"K-014","RECOVERY","NOT_IMPLEMENTED","VERIFIED_SOURCE","CLOSED_MAIN","packages/database/src/game-repository.ts; packages/database/src/game-roster-repository.ts; apps/worker/src/game-lifecycle-process-manager.ts","game-create-recovery-postgres.test.ts; game-lifecycle-process-manager.test.ts","Partial physical PG16 evidence in game-create-recovery-postgres.test.ts; see postgres-evidence.md","PARTIAL_REAL_BROWSER_EVIDENCE; full two-user waitlist browser gap remains","Exact-head CI pending; browser create-cancel and two-tab recovery frozen","","Waitlist promotion worker recovery"
"K-015","RECOVERY","MAIN_PARTIAL","GAP_CONFIRMED","STILL_OPEN","packages/database/src/game-repository.ts; packages/database/src/game-roster-repository.ts; apps/worker/src/game-lifecycle-process-manager.ts","game-create-recovery-postgres.test.ts; game-lifecycle-process-manager.test.ts","Partial physical PG16 evidence in game-create-recovery-postgres.test.ts; see postgres-evidence.md","PARTIAL_REAL_BROWSER_EVIDENCE; full two-user waitlist browser gap remains","Separate in-scope follow-up acceptance test required","GL-FU-LOCK-TIMEOUT","Lock timeout stable response"
"K-016","RECOVERY","MAIN_PARTIAL","GAP_CONFIRMED","STILL_OPEN","packages/database/src/game-repository.ts; packages/database/src/game-roster-repository.ts; apps/worker/src/game-lifecycle-process-manager.ts","game-create-recovery-postgres.test.ts; game-lifecycle-process-manager.test.ts","Partial physical PG16 evidence in game-create-recovery-postgres.test.ts; see postgres-evidence.md","PARTIAL_REAL_BROWSER_EVIDENCE; full two-user waitlist browser gap remains","Separate in-scope follow-up acceptance test required","GL-FU-LOCK-TIMEOUT","Deadlock retry policy"
"K-022","RECOVERY","MAIN_IMPLEMENTED","VERIFIED_SOURCE","CLOSED_MAIN","packages/database/src/game-repository.ts; packages/database/src/game-roster-repository.ts; apps/worker/src/game-lifecycle-process-manager.ts","game-create-recovery-postgres.test.ts; game-lifecycle-process-manager.test.ts","Partial physical PG16 evidence in game-create-recovery-postgres.test.ts; see postgres-evidence.md","PARTIAL_REAL_BROWSER_EVIDENCE; full two-user waitlist browser gap remains","Exact-head CI pending; browser create-cancel and two-tab recovery frozen","","Cross-tenant mutation RLS"
"K-023","RECOVERY","MAIN_IMPLEMENTED","VERIFIED_SOURCE","CLOSED_MAIN","packages/database/src/game-repository.ts; packages/database/src/game-roster-repository.ts; apps/worker/src/game-lifecycle-process-manager.ts","game-create-recovery-postgres.test.ts; game-lifecycle-process-manager.test.ts","Partial physical PG16 evidence in game-create-recovery-postgres.test.ts; see postgres-evidence.md","PARTIAL_REAL_BROWSER_EVIDENCE; full two-user waitlist browser gap remains","Exact-head CI pending; browser create-cancel and two-tab recovery frozen","","Unauthorized actor mutation"
"K-024","RECOVERY","MAIN_PARTIAL","VERIFIED_SOURCE","CLOSED_MAIN","packages/database/src/game-repository.ts; packages/database/src/game-roster-repository.ts; apps/worker/src/game-lifecycle-process-manager.ts","game-create-recovery-postgres.test.ts; game-lifecycle-process-manager.test.ts","Partial physical PG16 evidence in game-create-recovery-postgres.test.ts; see postgres-evidence.md","PARTIAL_REAL_BROWSER_EVIDENCE; full two-user waitlist browser gap remains","Exact-head CI pending; browser create-cancel and two-tab recovery frozen","","PII redaction in payment confirmation evidence logs"
"K-025","RECOVERY","MAIN_PARTIAL","VERIFIED_SOURCE","CLOSED_MAIN","packages/database/src/game-repository.ts; packages/database/src/game-roster-repository.ts; apps/worker/src/game-lifecycle-process-manager.ts","game-create-recovery-postgres.test.ts; game-lifecycle-process-manager.test.ts","Partial physical PG16 evidence in game-create-recovery-postgres.test.ts; see postgres-evidence.md","PARTIAL_REAL_BROWSER_EVIDENCE; full two-user waitlist browser gap remains","Exact-head CI pending; browser create-cancel and two-tab recovery frozen","","Manual recovery runbook for game scheduled commands"
"K-026","RECOVERY","UNKNOWN","BLOCKED_EXTERNAL_DEPENDENCY","BLOCKED_EXTERNAL","packages/database/src/game-repository.ts; packages/database/src/game-roster-repository.ts; apps/worker/src/game-lifecycle-process-manager.ts","game-create-recovery-postgres.test.ts; game-lifecycle-process-manager.test.ts","Partial physical PG16 evidence in game-create-recovery-postgres.test.ts; see postgres-evidence.md","PARTIAL_REAL_BROWSER_EVIDENCE; full two-user waitlist browser gap remains","See follow-up-findings.md","GL-BLOCK-RUNTIME","Deployed Games feature-flag values"
"K-027","RECOVERY","UNKNOWN","BLOCKED_EXTERNAL_DEPENDENCY","BLOCKED_EXTERNAL","packages/database/src/game-repository.ts; packages/database/src/game-roster-repository.ts; apps/worker/src/game-lifecycle-process-manager.ts","game-create-recovery-postgres.test.ts; game-lifecycle-process-manager.test.ts","Partial physical PG16 evidence in game-create-recovery-postgres.test.ts; see postgres-evidence.md","PARTIAL_REAL_BROWSER_EVIDENCE; full two-user waitlist browser gap remains","See follow-up-findings.md","GL-BLOCK-RUNTIME","Applied Games migrations and grants"
"K-028","RECOVERY","UNKNOWN","BLOCKED_EXTERNAL_DEPENDENCY","BLOCKED_EXTERNAL","packages/database/src/game-repository.ts; packages/database/src/game-roster-repository.ts; apps/worker/src/game-lifecycle-process-manager.ts","game-create-recovery-postgres.test.ts; game-lifecycle-process-manager.test.ts","Partial physical PG16 evidence in game-create-recovery-postgres.test.ts; see postgres-evidence.md","PARTIAL_REAL_BROWSER_EVIDENCE; full two-user waitlist browser gap remains","See follow-up-findings.md","GL-BLOCK-RUNTIME","Deployed Rabbit bindings, DLQ and backlog"
"K-029","RECOVERY","UNKNOWN","BLOCKED_EXTERNAL_DEPENDENCY","BLOCKED_EXTERNAL","packages/database/src/game-repository.ts; packages/database/src/game-roster-repository.ts; apps/worker/src/game-lifecycle-process-manager.ts","game-create-recovery-postgres.test.ts; game-lifecycle-process-manager.test.ts","Partial physical PG16 evidence in game-create-recovery-postgres.test.ts; see postgres-evidence.md","PARTIAL_REAL_BROWSER_EVIDENCE; full two-user waitlist browser gap remains","See follow-up-findings.md","GL-BLOCK-RUNTIME","Live LK1 flow matches fresh legacy main source"
"K-030","RECOVERY","UNKNOWN","BLOCKED_EXTERNAL_DEPENDENCY","BLOCKED_EXTERNAL","packages/database/src/game-repository.ts; packages/database/src/game-roster-repository.ts; apps/worker/src/game-lifecycle-process-manager.ts","game-create-recovery-postgres.test.ts; game-lifecycle-process-manager.test.ts","Partial physical PG16 evidence in game-create-recovery-postgres.test.ts; see postgres-evidence.md","PARTIAL_REAL_BROWSER_EVIDENCE; full two-user waitlist browser gap remains","See follow-up-findings.md","GL-BLOCK-RUNTIME","Viva booking/payment/refund persistent truth"
"K-031","RECOVERY","UNKNOWN","BLOCKED_EXTERNAL_DEPENDENCY","BLOCKED_EXTERNAL","packages/database/src/game-repository.ts; packages/database/src/game-roster-repository.ts; apps/worker/src/game-lifecycle-process-manager.ts","game-create-recovery-postgres.test.ts; game-lifecycle-process-manager.test.ts","Partial physical PG16 evidence in game-create-recovery-postgres.test.ts; see postgres-evidence.md","PARTIAL_REAL_BROWSER_EVIDENCE; full two-user waitlist browser gap remains","See follow-up-findings.md","GL-BLOCK-RUNTIME","CUP remote rating idempotency and reconciliation"
"L-001","LEGACY","LEGACY_ACTIVE","VERIFIED_OWNERSHIP","CLOSED_LEGACY_OWNED","Current source inspected; domain behavior intentionally unchanged in this wave","Existing regression suite; Local post-merge gate complete; exact-head CI pending","NOT_APPLICABLE_OR_NOT_RUN","PARTIAL_REAL_BROWSER_EVIDENCE; full two-user waitlist browser gap remains","See follow-up-findings.md","GL-LEGACY-OWNED","LK1 list games"
"L-002","LEGACY","LEGACY_ACTIVE","VERIFIED_OWNERSHIP","CLOSED_LEGACY_OWNED","Current source inspected; domain behavior intentionally unchanged in this wave","Existing regression suite; Local post-merge gate complete; exact-head CI pending","NOT_APPLICABLE_OR_NOT_RUN","PARTIAL_REAL_BROWSER_EVIDENCE; full two-user waitlist browser gap remains","See follow-up-findings.md","GL-LEGACY-OWNED","LK1 game detail"
"L-003","LEGACY","LEGACY_ACTIVE","VERIFIED_OWNERSHIP","CLOSED_LEGACY_OWNED","Current source inspected; domain behavior intentionally unchanged in this wave","Existing regression suite; Local post-merge gate complete; exact-head CI pending","NOT_APPLICABLE_OR_NOT_RUN","PARTIAL_REAL_BROWSER_EVIDENCE; full two-user waitlist browser gap remains","See follow-up-findings.md","GL-LEGACY-OWNED","LK1 create game"
"L-004","LEGACY","LEGACY_ACTIVE","VERIFIED_OWNERSHIP","CLOSED_LEGACY_OWNED","Current source inspected; domain behavior intentionally unchanged in this wave","Existing regression suite; Local post-merge gate complete; exact-head CI pending","NOT_APPLICABLE_OR_NOT_RUN","PARTIAL_REAL_BROWSER_EVIDENCE; full two-user waitlist browser gap remains","See follow-up-findings.md","GL-LEGACY-OWNED","LK1 patch/cancel game"
"L-005","LEGACY","LEGACY_ACTIVE","VERIFIED_OWNERSHIP","CLOSED_LEGACY_OWNED","Current source inspected; domain behavior intentionally unchanged in this wave","Existing regression suite; Local post-merge gate complete; exact-head CI pending","NOT_APPLICABLE_OR_NOT_RUN","PARTIAL_REAL_BROWSER_EVIDENCE; full two-user waitlist browser gap remains","See follow-up-findings.md","GL-LEGACY-OWNED","LK1 split create"
"L-006","LEGACY","LEGACY_ACTIVE","VERIFIED_OWNERSHIP","CLOSED_LEGACY_OWNED","Current source inspected; domain behavior intentionally unchanged in this wave","Existing regression suite; Local post-merge gate complete; exact-head CI pending","NOT_APPLICABLE_OR_NOT_RUN","PARTIAL_REAL_BROWSER_EVIDENCE; full two-user waitlist browser gap remains","See follow-up-findings.md","GL-LEGACY-OWNED","LK1 split join"
"L-007","LEGACY","LEGACY_ACTIVE","VERIFIED_OWNERSHIP","CLOSED_LEGACY_OWNED","Current source inspected; domain behavior intentionally unchanged in this wave","Existing regression suite; Local post-merge gate complete; exact-head CI pending","NOT_APPLICABLE_OR_NOT_RUN","PARTIAL_REAL_BROWSER_EVIDENCE; full two-user waitlist browser gap remains","See follow-up-findings.md","GL-LEGACY-OWNED","LK1 split leave"
"L-008","LEGACY","LEGACY_ACTIVE","VERIFIED_OWNERSHIP","CLOSED_LEGACY_OWNED","Current source inspected; domain behavior intentionally unchanged in this wave","Existing regression suite; Local post-merge gate complete; exact-head CI pending","NOT_APPLICABLE_OR_NOT_RUN","PARTIAL_REAL_BROWSER_EVIDENCE; full two-user waitlist browser gap remains","See follow-up-findings.md","GL-LEGACY-OWNED","LK1 split cleanup"
"L-009","LEGACY","LEGACY_ACTIVE","VERIFIED_OWNERSHIP","CLOSED_LEGACY_OWNED","Current source inspected; domain behavior intentionally unchanged in this wave","Existing regression suite; Local post-merge gate complete; exact-head CI pending","NOT_APPLICABLE_OR_NOT_RUN","PARTIAL_REAL_BROWSER_EVIDENCE; full two-user waitlist browser gap remains","See follow-up-findings.md","GL-LEGACY-OWNED","LK1 payment confirm"
"L-010","LEGACY","PROVIDER_DEPENDENT","VERIFIED_OWNERSHIP","CLOSED_LEGACY_OWNED","Current source inspected; domain behavior intentionally unchanged in this wave","Existing regression suite; Local post-merge gate complete; exact-head CI pending","NOT_APPLICABLE_OR_NOT_RUN","PARTIAL_REAL_BROWSER_EVIDENCE; full two-user waitlist browser gap remains","See follow-up-findings.md","GL-LEGACY-OWNED","LK1 subscription-bound join"
"L-011","LEGACY","LEGACY_ACTIVE","VERIFIED_OWNERSHIP","CLOSED_LEGACY_OWNED","Current source inspected; domain behavior intentionally unchanged in this wave","Existing regression suite; Local post-merge gate complete; exact-head CI pending","NOT_APPLICABLE_OR_NOT_RUN","PARTIAL_REAL_BROWSER_EVIDENCE; full two-user waitlist browser gap remains","See follow-up-findings.md","GL-LEGACY-OWNED","LK1 durable staff player removal"
"L-012","LEGACY","LEGACY_ACTIVE","VERIFIED_OWNERSHIP","CLOSED_LEGACY_OWNED","Current source inspected; domain behavior intentionally unchanged in this wave","Existing regression suite; Local post-merge gate complete; exact-head CI pending","NOT_APPLICABLE_OR_NOT_RUN","PARTIAL_REAL_BROWSER_EVIDENCE; full two-user waitlist browser gap remains","See follow-up-findings.md","GL-LEGACY-OWNED","LK1 composite create/confirm"
"L-013","LEGACY","LEGACY_ACTIVE","VERIFIED_OWNERSHIP","CLOSED_LEGACY_OWNED","Current source inspected; domain behavior intentionally unchanged in this wave","Existing regression suite; Local post-merge gate complete; exact-head CI pending","NOT_APPLICABLE_OR_NOT_RUN","PARTIAL_REAL_BROWSER_EVIDENCE; full two-user waitlist browser gap remains","See follow-up-findings.md","GL-LEGACY-OWNED","ph-admin game list/read"
"L-014","LEGACY","LEGACY_ACTIVE","VERIFIED_OWNERSHIP","CLOSED_LEGACY_OWNED","Current source inspected; domain behavior intentionally unchanged in this wave","Existing regression suite; Local post-merge gate complete; exact-head CI pending","NOT_APPLICABLE_OR_NOT_RUN","PARTIAL_REAL_BROWSER_EVIDENCE; full two-user waitlist browser gap remains","See follow-up-findings.md","GL-LEGACY-OWNED","ph-admin publication mutations"
"L-015","LEGACY","LEGACY_ACTIVE","VERIFIED_OWNERSHIP","CLOSED_LEGACY_OWNED","Current source inspected; domain behavior intentionally unchanged in this wave","Existing regression suite; Local post-merge gate complete; exact-head CI pending","NOT_APPLICABLE_OR_NOT_RUN","PARTIAL_REAL_BROWSER_EVIDENCE; full two-user waitlist browser gap remains","See follow-up-findings.md","GL-LEGACY-OWNED","ph-admin game event deletion"
"L-016","LEGACY","LEGACY_ACTIVE","VERIFIED_OWNERSHIP","CLOSED_LEGACY_OWNED","Current source inspected; domain behavior intentionally unchanged in this wave","Existing regression suite; Local post-merge gate complete; exact-head CI pending","NOT_APPLICABLE_OR_NOT_RUN","PARTIAL_REAL_BROWSER_EVIDENCE; full two-user waitlist browser gap remains","See follow-up-findings.md","GL-LEGACY-OWNED","ph-admin player removal handoff"
"L-017","LEGACY","FEATURE_GATED","VERIFIED_OWNERSHIP","CLOSED_LEGACY_OWNED","Current source inspected; domain behavior intentionally unchanged in this wave","Existing regression suite; Local post-merge gate complete; exact-head CI pending","NOT_APPLICABLE_OR_NOT_RUN","PARTIAL_REAL_BROWSER_EVIDENCE; full two-user waitlist browser gap remains","See follow-up-findings.md","GL-LEGACY-OWNED","lk2 legacy roster bridge command"
"L-018","LEGACY","FEATURE_GATED","VERIFIED_OWNERSHIP","CLOSED_LEGACY_OWNED","Current source inspected; domain behavior intentionally unchanged in this wave","Existing regression suite; Local post-merge gate complete; exact-head CI pending","NOT_APPLICABLE_OR_NOT_RUN","PARTIAL_REAL_BROWSER_EVIDENCE; full two-user waitlist browser gap remains","See follow-up-findings.md","GL-LEGACY-OWNED","lk2 legacy roster sync worker"
"L-019","LEGACY","FEATURE_GATED","VERIFIED_OWNERSHIP","CLOSED_LEGACY_OWNED","Current source inspected; domain behavior intentionally unchanged in this wave","Existing regression suite; Local post-merge gate complete; exact-head CI pending","NOT_APPLICABLE_OR_NOT_RUN","PARTIAL_REAL_BROWSER_EVIDENCE; full two-user waitlist browser gap remains","See follow-up-findings.md","GL-LEGACY-OWNED","lk2 legacy import/reconciliation"
"L-020","LEGACY","LEGACY_ACTIVE","VERIFIED_OWNERSHIP","CLOSED_LEGACY_OWNED","Current source inspected; domain behavior intentionally unchanged in this wave","Existing regression suite; Local post-merge gate complete; exact-head CI pending","NOT_APPLICABLE_OR_NOT_RUN","PARTIAL_REAL_BROWSER_EVIDENCE; full two-user waitlist browser gap remains","See follow-up-findings.md","GL-LEGACY-OWNED","Tracked legacy Game flow static credential pattern"
"N-001","NOTIFICATION","CONTRACT_ONLY","REGRESSION_ONLY","DEFERRED_P2_P3","Current source inspected; domain behavior intentionally unchanged in this wave","Existing regression suite; Local post-merge gate complete; exact-head CI pending","NOT_APPLICABLE_OR_NOT_RUN","PARTIAL_REAL_BROWSER_EVIDENCE; full two-user waitlist browser gap remains","See follow-up-findings.md","GL-FU-COMMS","Game published notification"
"N-002","NOTIFICATION","CONTRACT_ONLY","REGRESSION_ONLY","DEFERRED_P2_P3","Current source inspected; domain behavior intentionally unchanged in this wave","Existing regression suite; Local post-merge gate complete; exact-head CI pending","NOT_APPLICABLE_OR_NOT_RUN","PARTIAL_REAL_BROWSER_EVIDENCE; full two-user waitlist browser gap remains","See follow-up-findings.md","GL-FU-COMMS","Participation confirmed notification"
"N-003","NOTIFICATION","CONTRACT_ONLY","REGRESSION_ONLY","DEFERRED_P2_P3","Current source inspected; domain behavior intentionally unchanged in this wave","Existing regression suite; Local post-merge gate complete; exact-head CI pending","NOT_APPLICABLE_OR_NOT_RUN","PARTIAL_REAL_BROWSER_EVIDENCE; full two-user waitlist browser gap remains","See follow-up-findings.md","GL-FU-COMMS","Participation left notification"
"N-004","NOTIFICATION","CONTRACT_ONLY","REGRESSION_ONLY","DEFERRED_P2_P3","Current source inspected; domain behavior intentionally unchanged in this wave","Existing regression suite; Local post-merge gate complete; exact-head CI pending","NOT_APPLICABLE_OR_NOT_RUN","PARTIAL_REAL_BROWSER_EVIDENCE; full two-user waitlist browser gap remains","See follow-up-findings.md","GL-FU-COMMS","Waitlist joined notification"
"N-005","NOTIFICATION","CONTRACT_ONLY","REGRESSION_ONLY","DEFERRED_P2_P3","Current source inspected; domain behavior intentionally unchanged in this wave","Existing regression suite; Local post-merge gate complete; exact-head CI pending","NOT_APPLICABLE_OR_NOT_RUN","PARTIAL_REAL_BROWSER_EVIDENCE; full two-user waitlist browser gap remains","See follow-up-findings.md","GL-FU-COMMS","Waitlist promoted notification"
"N-006","NOTIFICATION","TEST_ONLY","REGRESSION_ONLY","DEFERRED_P2_P3","Current source inspected; domain behavior intentionally unchanged in this wave","Existing regression suite; Local post-merge gate complete; exact-head CI pending","NOT_APPLICABLE_OR_NOT_RUN","PARTIAL_REAL_BROWSER_EVIDENCE; full two-user waitlist browser gap remains","See follow-up-findings.md","GL-FU-COMMS","Game starting soon notification"
"N-007","NOTIFICATION","CONTRACT_ONLY","REGRESSION_ONLY","DEFERRED_P2_P3","Current source inspected; domain behavior intentionally unchanged in this wave","Existing regression suite; Local post-merge gate complete; exact-head CI pending","NOT_APPLICABLE_OR_NOT_RUN","PARTIAL_REAL_BROWSER_EVIDENCE; full two-user waitlist browser gap remains","See follow-up-findings.md","GL-FU-COMMS","Game result submitted notification"
"N-008","NOTIFICATION","CONTRACT_ONLY","REGRESSION_ONLY","DEFERRED_P2_P3","Current source inspected; domain behavior intentionally unchanged in this wave","Existing regression suite; Local post-merge gate complete; exact-head CI pending","NOT_APPLICABLE_OR_NOT_RUN","PARTIAL_REAL_BROWSER_EVIDENCE; full two-user waitlist browser gap remains","See follow-up-findings.md","GL-FU-COMMS","Game result confirmed notification"
"N-009","NOTIFICATION","CONTRACT_ONLY","REGRESSION_ONLY","DEFERRED_P2_P3","Current source inspected; domain behavior intentionally unchanged in this wave","Existing regression suite; Local post-merge gate complete; exact-head CI pending","NOT_APPLICABLE_OR_NOT_RUN","PARTIAL_REAL_BROWSER_EVIDENCE; full two-user waitlist browser gap remains","See follow-up-findings.md","GL-FU-COMMS","Game cancelled notification"
"N-010","NOTIFICATION","TEST_ONLY","REGRESSION_ONLY","DEFERRED_P2_P3","Current source inspected; domain behavior intentionally unchanged in this wave","Existing regression suite; Local post-merge gate complete; exact-head CI pending","NOT_APPLICABLE_OR_NOT_RUN","PARTIAL_REAL_BROWSER_EVIDENCE; full two-user waitlist browser gap remains","See follow-up-findings.md","GL-FU-COMMS","Notification deep link to game"
"N-011","NOTIFICATION","NOT_IMPLEMENTED","REGRESSION_ONLY","DEFERRED_P2_P3","Current source inspected; domain behavior intentionally unchanged in this wave","Existing regression suite; Local post-merge gate complete; exact-head CI pending","NOT_APPLICABLE_OR_NOT_RUN","PARTIAL_REAL_BROWSER_EVIDENCE; full two-user waitlist browser gap remains","See follow-up-findings.md","GL-FU-COMMS","Notification recipient revocation"
"P-001","PROJECTION","FEATURE_GATED","VERIFIED_SOURCE","CLOSED_MAIN","packages/database/src/game-repository.ts; packages/database/src/game-result-projection-repository.ts","game-repository.test.ts; game-result-projection-repository.test.ts; game-create-recovery-postgres.test.ts","Partial physical PG16 evidence in game-create-recovery-postgres.test.ts; see postgres-evidence.md","PARTIAL_REAL_BROWSER_EVIDENCE; full two-user waitlist browser gap remains","Exact-head CI pending; browser create-cancel and two-tab recovery frozen","","game.# card projection"
"P-002","PROJECTION","MAIN_IMPLEMENTED","VERIFIED_SOURCE","CLOSED_MAIN","packages/database/src/game-repository.ts; packages/database/src/game-result-projection-repository.ts","game-repository.test.ts; game-result-projection-repository.test.ts; game-create-recovery-postgres.test.ts","Partial physical PG16 evidence in game-create-recovery-postgres.test.ts; see postgres-evidence.md","PARTIAL_REAL_BROWSER_EVIDENCE; full two-user waitlist browser gap remains","Exact-head CI pending; browser create-cancel and two-tab recovery frozen","","Projection stale event ignored"
"P-003","PROJECTION","MAIN_PARTIAL","VERIFIED_SOURCE","CLOSED_MAIN","packages/database/src/game-repository.ts; packages/database/src/game-result-projection-repository.ts","game-repository.test.ts; game-result-projection-repository.test.ts; game-create-recovery-postgres.test.ts","Partial physical PG16 evidence in game-create-recovery-postgres.test.ts; see postgres-evidence.md","PARTIAL_REAL_BROWSER_EVIDENCE; full two-user waitlist browser gap remains","Exact-head CI pending; browser create-cancel and two-tab recovery frozen","","Projection dependency missing retry/DLX"
"P-004","PROJECTION","FEATURE_GATED","VERIFIED_SOURCE","CLOSED_MAIN","packages/database/src/game-repository.ts; packages/database/src/game-result-projection-repository.ts","game-repository.test.ts; game-result-projection-repository.test.ts; game-create-recovery-postgres.test.ts","Partial physical PG16 evidence in game-create-recovery-postgres.test.ts; see postgres-evidence.md","PARTIAL_REAL_BROWSER_EVIDENCE; full two-user waitlist browser gap remains","Exact-head CI pending; browser create-cancel and two-tab recovery frozen","","Public catalog projection"
"P-005","PROJECTION","FEATURE_GATED","VERIFIED_SOURCE","CLOSED_MAIN","packages/database/src/game-repository.ts; packages/database/src/game-result-projection-repository.ts","game-repository.test.ts; game-result-projection-repository.test.ts; game-create-recovery-postgres.test.ts","Partial physical PG16 evidence in game-create-recovery-postgres.test.ts; see postgres-evidence.md","PARTIAL_REAL_BROWSER_EVIDENCE; full two-user waitlist browser gap remains","Exact-head CI pending; browser create-cancel and two-tab recovery frozen","","My upcoming projection"
"P-006","PROJECTION","FEATURE_GATED","VERIFIED_SOURCE","CLOSED_MAIN","packages/database/src/game-repository.ts; packages/database/src/game-result-projection-repository.ts","game-repository.test.ts; game-result-projection-repository.test.ts; game-create-recovery-postgres.test.ts","Partial physical PG16 evidence in game-create-recovery-postgres.test.ts; see postgres-evidence.md","PARTIAL_REAL_BROWSER_EVIDENCE; full two-user waitlist browser gap remains","Exact-head CI pending; browser create-cancel and two-tab recovery frozen","","My history projection"
"P-007","PROJECTION","FEATURE_GATED","VERIFIED_SOURCE","CLOSED_MAIN","packages/database/src/game-repository.ts; packages/database/src/game-result-projection-repository.ts","game-repository.test.ts; game-result-projection-repository.test.ts; game-create-recovery-postgres.test.ts","Partial physical PG16 evidence in game-create-recovery-postgres.test.ts; see postgres-evidence.md","PARTIAL_REAL_BROWSER_EVIDENCE; full two-user waitlist browser gap remains","Exact-head CI pending; browser create-cancel and two-tab recovery frozen","","Result history projection"
"P-008","PROJECTION","FEATURE_GATED","VERIFIED_SOURCE","CLOSED_MAIN","packages/database/src/game-repository.ts; packages/database/src/game-result-projection-repository.ts","game-repository.test.ts; game-result-projection-repository.test.ts; game-create-recovery-postgres.test.ts","Partial physical PG16 evidence in game-create-recovery-postgres.test.ts; see postgres-evidence.md","PARTIAL_REAL_BROWSER_EVIDENCE; full two-user waitlist browser gap remains","Exact-head CI pending; browser create-cancel and two-tab recovery frozen","","Booking recommendation game candidate"
"P-009","PROJECTION","FEATURE_GATED","VERIFIED_SOURCE","CLOSED_MAIN","packages/database/src/game-repository.ts; packages/database/src/game-result-projection-repository.ts","game-repository.test.ts; game-result-projection-repository.test.ts; game-create-recovery-postgres.test.ts","Partial physical PG16 evidence in game-create-recovery-postgres.test.ts; see postgres-evidence.md","PARTIAL_REAL_BROWSER_EVIDENCE; full two-user waitlist browser gap remains","Exact-head CI pending; browser create-cancel and two-tab recovery frozen","","Friend game recommendation boost"
"P-010","PROJECTION","FEATURE_GATED","VERIFIED_SOURCE","CLOSED_MAIN","packages/database/src/game-repository.ts; packages/database/src/game-result-projection-repository.ts","game-repository.test.ts; game-result-projection-repository.test.ts; game-create-recovery-postgres.test.ts","Partial physical PG16 evidence in game-create-recovery-postgres.test.ts; see postgres-evidence.md","PARTIAL_REAL_BROWSER_EVIDENCE; full two-user waitlist browser gap remains","Exact-head CI pending; browser create-cancel and two-tab recovery frozen","","Home dashboard game recommendation"
"P-011","PROJECTION","MAIN_PARTIAL","VERIFIED_SOURCE","CLOSED_MAIN","packages/database/src/game-repository.ts; packages/database/src/game-result-projection-repository.ts","game-repository.test.ts; game-result-projection-repository.test.ts; game-create-recovery-postgres.test.ts","Partial physical PG16 evidence in game-create-recovery-postgres.test.ts; see postgres-evidence.md","PARTIAL_REAL_BROWSER_EVIDENCE; full two-user waitlist browser gap remains","Exact-head CI pending; browser create-cancel and two-tab recovery frozen","","Cancelled game read-model tombstone"
"U-001","UI_LOCAL","UI_ONLY","REGRESSION_ONLY","DEFERRED_P2_P3","Current source inspected; domain behavior intentionally unchanged in this wave","Existing regression suite; Local post-merge gate complete; exact-head CI pending","NOT_APPLICABLE_OR_NOT_RUN","PARTIAL_REAL_BROWSER_EVIDENCE; full two-user waitlist browser gap remains","See follow-up-findings.md","GL-FU-BROWSER-LINEUP","Assign participant to browser-local lineup"
"U-002","UI_LOCAL","UI_ONLY","REGRESSION_ONLY","DEFERRED_P2_P3","Current source inspected; domain behavior intentionally unchanged in this wave","Existing regression suite; Local post-merge gate complete; exact-head CI pending","NOT_APPLICABLE_OR_NOT_RUN","PARTIAL_REAL_BROWSER_EVIDENCE; full two-user waitlist browser gap remains","See follow-up-findings.md","GL-FU-BROWSER-LINEUP","Remove participant from browser-local lineup"
"U-003","UI_LOCAL","UI_ONLY","REGRESSION_ONLY","DEFERRED_P2_P3","Current source inspected; domain behavior intentionally unchanged in this wave","Existing regression suite; Local post-merge gate complete; exact-head CI pending","NOT_APPLICABLE_OR_NOT_RUN","PARTIAL_REAL_BROWSER_EVIDENCE; full two-user waitlist browser gap remains","See follow-up-findings.md","GL-FU-BROWSER-LINEUP","Swap participant in browser-local lineup"
